algorithm,n_weapon_types,n_weapons,n_targets,value,time_sec,iterations,extra,category,instance_id,instance_file
MMR_Original,5,12,5,1.896702426441083,0.000132500019390136,12,,5x5,1,instance_001.json
MMR_Modified,5,12,5,1.896702426441083,0.0011943999561481178,1,improvement_pct=0.0000,5x5,1,instance_001.json
ACO_Original,5,12,5,2.355251376843086,2.120443299994804,869,,5x5,1,instance_001.json
ACO_Modified,5,12,5,1.896702426441083,2.120500400022138,625,improvement_pct=0.0000,5x5,1,instance_001.json
MMR_Original,5,5,5,90.14262561959946,2.080004196614027e-05,5,,5x5,2,instance_002.json
MMR_Modified,5,5,5,90.14262561959946,0.00023100001271814108,1,improvement_pct=0.0000,5x5,2,instance_002.json
ACO_Original,5,5,5,99.0629937555815,2.050159399979748,4105,,5x5,2,instance_002.json
ACO_Modified,5,5,5,90.14262561959946,2.050328899989836,3973,improvement_pct=0.0000,5x5,2,instance_002.json
MMR_Original,5,11,5,24.550316232560178,5.6200020480901e-05,11,,5x5,3,instance_003.json
MMR_Modified,5,11,5,22.158667406092974,0.0010371999815106392,2,improvement_pct=9.7418,5x5,3,instance_003.json
ACO_Original,5,11,5,25.742493612368254,2.110888299997896,1042,,5x5,3,instance_003.json
ACO_Modified,5,11,5,24.550316232560178,2.1101238999981433,1008,improvement_pct=0.0000,5x5,3,instance_003.json
MMR_Original,5,9,5,22.25310292409448,3.9300008211284876e-05,9,,5x5,4,instance_004.json
MMR_Modified,5,9,5,22.25310292409448,0.00040199997602030635,1,improvement_pct=0.0000,5x5,4,instance_004.json
ACO_Original,5,9,5,28.608923985511918,2.091218999994453,1464,,5x5,4,instance_004.json
ACO_Modified,5,9,5,19.31087000430136,2.0911832000128925,1531,improvement_pct=13.2217,5x5,4,instance_004.json
MMR_Original,5,8,5,20.404764975311746,6.57000346109271e-05,8,,5x5,5,instance_005.json
MMR_Modified,5,8,5,20.404764975311746,0.0004437000025063753,1,improvement_pct=0.0000,5x5,5,instance_005.json
ACO_Original,5,8,5,31.05878476950624,2.0825352999963798,1028,,5x5,5,instance_005.json
ACO_Modified,5,8,5,20.404764975311746,2.080126899993047,1623,improvement_pct=0.0000,5x5,5,instance_005.json
MMR_Original,5,9,5,3.82731784355458,2.7200032491236925e-05,9,,5x5,6,instance_006.json
MMR_Modified,5,9,5,3.82731784355458,0.0002826999989338219,1,improvement_pct=0.0000,5x5,6,instance_006.json
ACO_Original,5,9,5,5.971398634671112,2.0916198000195436,1189,,5x5,6,instance_006.json
ACO_Modified,5,9,5,3.126626023245333,2.090140300046187,1499,improvement_pct=18.3076,5x5,6,instance_006.json
MMR_Original,5,9,5,12.211744884416262,2.7300033252686262e-05,9,,5x5,7,instance_007.json
MMR_Modified,5,9,5,12.211744884416262,0.0002723999787122011,1,improvement_pct=0.0000,5x5,7,instance_007.json
ACO_Original,5,9,5,14.376860974289029,2.0921537000103854,1460,,5x5,7,instance_007.json
ACO_Modified,5,9,5,12.211744884416262,2.0904793000081554,1448,improvement_pct=0.0000,5x5,7,instance_007.json
MMR_Original,5,8,5,37.11059881528248,2.4499953724443913e-05,8,,5x5,8,instance_008.json
MMR_Modified,5,8,5,35.23532975650191,0.00043890002416446805,2,improvement_pct=5.0532,5x5,8,instance_008.json
ACO_Original,5,8,5,26.898042606639912,2.0820536999963224,1753,,5x5,8,instance_008.json
ACO_Modified,5,8,5,26.898042606639912,2.0819958000211045,1568,improvement_pct=27.5192,5x5,8,instance_008.json
MMR_Original,5,7,5,52.1635585764942,1.9799976143985987e-05,7,,5x5,9,instance_009.json
MMR_Modified,5,7,5,52.1635585764942,0.00019589997828006744,1,improvement_pct=0.0000,5x5,9,instance_009.json
ACO_Original,5,7,5,67.6841015967244,2.0700674999970943,2266,,5x5,9,instance_009.json
ACO_Modified,5,7,5,52.1635585764942,2.070399899967015,2250,improvement_pct=0.0000,5x5,9,instance_009.json
MMR_Original,5,10,5,3.922257904891334,9.390001650899649e-05,10,,5x5,10,instance_010.json
MMR_Modified,5,10,5,3.922257904891334,0.0013636999647133052,1,improvement_pct=0.0000,5x5,10,instance_010.json
ACO_Original,5,10,5,25.225087838548486,2.101297600020189,1248,,5x5,10,instance_010.json
ACO_Modified,5,10,5,3.922257904891334,2.1020151000120677,1227,improvement_pct=0.0000,5x5,10,instance_010.json
MMR_Original,5,9,5,42.92727606371435,2.7099973522126675e-05,9,,5x5,11,instance_011.json
MMR_Modified,5,9,5,42.92727606371435,0.0002702000201679766,1,improvement_pct=0.0000,5x5,11,instance_011.json
ACO_Original,5,9,5,47.620803852969104,2.090787499968428,1407,,5x5,11,instance_011.json
ACO_Modified,5,9,5,42.92727606371435,2.0905451999860816,1452,improvement_pct=0.0000,5x5,11,instance_011.json
MMR_Original,5,10,5,4.033447412497191,3.130000550299883e-05,10,,5x5,12,instance_012.json
MMR_Modified,5,10,5,4.033447412497191,0.0003200999926775694,1,improvement_pct=0.0000,5x5,12,instance_012.json
ACO_Original,5,10,5,8.048030322490636,2.1011250000447035,1253,,5x5,12,instance_012.json
ACO_Modified,5,10,5,4.033447412497191,2.101668299990706,1274,improvement_pct=0.0000,5x5,12,instance_012.json
MMR_Original,5,8,5,10.44731183879049,0.0002581999870017171,8,,5x5,13,instance_013.json
MMR_Modified,5,8,5,10.44731183879049,0.0006322000408545136,1,improvement_pct=0.0000,5x5,13,instance_013.json
ACO_Original,5,8,5,16.335699910952098,2.080738399992697,1878,,5x5,13,instance_013.json
ACO_Modified,5,8,5,10.44731183879049,2.0808399000088684,1821,improvement_pct=0.0000,5x5,13,instance_013.json
MMR_Original,5,10,5,6.25356254432879,5.690002581104636e-05,10,,5x5,14,instance_014.json
MMR_Modified,5,10,5,3.4521354357841942,0.002187499951105565,3,improvement_pct=44.7973,5x5,14,instance_014.json
ACO_Original,5,10,5,14.117127303796575,2.1003336000139825,1261,,5x5,14,instance_014.json
ACO_Modified,5,10,5,6.25356254432879,2.1004469000035897,1168,improvement_pct=0.0000,5x5,14,instance_014.json
MMR_Original,5,7,5,11.169531348660877,2.19999928958714e-05,7,,5x5,15,instance_015.json
MMR_Modified,5,7,5,11.169531348660877,0.00019880000036209822,1,improvement_pct=0.0000,5x5,15,instance_015.json
ACO_Original,5,7,5,12.222738856580612,2.0717732000048272,1732,,5x5,15,instance_015.json
ACO_Modified,5,7,5,10.65847440525789,2.0701997000142,2239,improvement_pct=4.5755,5x5,15,instance_015.json
MMR_Original,5,12,5,2.9365683960919915,4.2899977415800095e-05,12,,5x5,16,instance_016.json
MMR_Modified,5,12,5,2.9365683960919915,0.0004194999928586185,1,improvement_pct=0.0000,5x5,16,instance_016.json
ACO_Original,5,12,5,9.06893602663101,2.122735900047701,888,,5x5,16,instance_016.json
ACO_Modified,5,12,5,2.9365683960919915,2.120559500006493,884,improvement_pct=0.0000,5x5,16,instance_016.json
MMR_Original,5,8,5,30.51756586318284,2.5600020308047533e-05,8,,5x5,17,instance_017.json
MMR_Modified,5,8,5,30.51756586318284,0.0002470000181347132,1,improvement_pct=0.0000,5x5,17,instance_017.json
ACO_Original,5,8,5,36.286277817925026,2.0810872000292875,1831,,5x5,17,instance_017.json
ACO_Modified,5,8,5,30.51756586318284,2.0800380000146106,1674,improvement_pct=0.0000,5x5,17,instance_017.json
MMR_Original,5,10,5,7.607694850215727,3.200001083314419e-05,10,,5x5,18,instance_018.json
MMR_Modified,5,10,5,7.607694850215727,0.0003532000118866563,1,improvement_pct=0.0000,5x5,18,instance_018.json
ACO_Original,5,10,5,15.426280613578564,2.100851600000169,1247,,5x5,18,instance_018.json
ACO_Modified,5,10,5,7.607694850215727,2.101626400020905,1194,improvement_pct=0.0000,5x5,18,instance_018.json
MMR_Original,5,13,5,29.155965969736652,4.9499969463795424e-05,13,,5x5,19,instance_019.json
MMR_Modified,5,13,5,29.155965969736652,0.00047799997264519334,1,improvement_pct=0.0000,5x5,19,instance_019.json
ACO_Original,5,13,5,34.44576313269924,2.131688599998597,756,,5x5,19,instance_019.json
ACO_Modified,5,13,5,29.155965969736652,2.1301565999747254,761,improvement_pct=0.0000,5x5,19,instance_019.json
MMR_Original,5,13,5,4.165701557222941,4.980002995580435e-05,13,,5x5,20,instance_020.json
MMR_Modified,5,13,5,4.165701557222941,0.0004931999719701707,1,improvement_pct=0.0000,5x5,20,instance_020.json
ACO_Original,5,13,5,9.549177252457227,2.1327946000383236,761,,5x5,20,instance_020.json
ACO_Modified,5,13,5,4.165701557222941,2.1316311999689788,627,improvement_pct=0.0000,5x5,20,instance_020.json
MMR_Original,5,11,5,3.254546241860698,3.8300000596791506e-05,11,,5x5,21,instance_021.json
MMR_Modified,5,11,5,3.254546241860698,0.0003809999907389283,1,improvement_pct=0.0000,5x5,21,instance_021.json
ACO_Original,5,11,5,3.9364468147811014,2.1103140999912284,1039,,5x5,21,instance_021.json
ACO_Modified,5,11,5,3.254546241860698,2.1122828000225127,997,improvement_pct=0.0000,5x5,21,instance_021.json
MMR_Original,5,10,5,13.460131967118157,3.2400013878941536e-05,10,,5x5,22,instance_022.json
MMR_Modified,5,10,5,10.399476311018695,0.0005864999839104712,2,improvement_pct=22.7387,5x5,22,instance_022.json
ACO_Original,5,10,5,14.690608257986996,2.100973199994769,1253,,5x5,22,instance_022.json
ACO_Modified,5,10,5,13.460131967118157,2.1000547999865375,1194,improvement_pct=0.0000,5x5,22,instance_022.json
MMR_Original,5,11,5,28.511101718946993,5.809997674077749e-05,11,,5x5,23,instance_023.json
MMR_Modified,5,11,5,27.675858258693392,0.0007171999895945191,2,improvement_pct=2.9295,5x5,23,instance_023.json
ACO_Original,5,11,5,34.34003439505721,2.1102094000088982,997,,5x5,23,instance_023.json
ACO_Modified,5,11,5,28.511101718946993,2.110017400002107,991,improvement_pct=0.0000,5x5,23,instance_023.json
MMR_Original,5,9,5,16.998881539612704,3.63999861292541e-05,9,,5x5,24,instance_024.json
MMR_Modified,5,9,5,16.998881539612704,0.0002807999844662845,1,improvement_pct=0.0000,5x5,24,instance_024.json
ACO_Original,5,9,5,44.348215196269926,2.0902497000060976,1532,,5x5,24,instance_024.json
ACO_Modified,5,9,5,16.998881539612704,2.090569299994968,1407,improvement_pct=0.0000,5x5,24,instance_024.json
MMR_Original,5,11,5,28.51416252480324,3.5699980799108744e-05,11,,5x5,25,instance_025.json
MMR_Modified,5,11,5,28.51416252480324,0.0006009999779053032,1,improvement_pct=0.0000,5x5,25,instance_025.json
ACO_Original,5,11,5,39.51322494920743,2.1118352000485174,1045,,5x5,25,instance_025.json
ACO_Modified,5,11,5,28.51416252480324,2.1127203999785706,1063,improvement_pct=0.0000,5x5,25,instance_025.json
MMR_Original,5,13,5,11.538256184624455,4.9200025387108326e-05,13,,5x5,26,instance_026.json
MMR_Modified,5,13,5,5.9432526567799675,0.0012373999925330281,3,improvement_pct=48.4909,5x5,26,instance_026.json
ACO_Original,5,13,5,5.9432526567799675,2.131898599967826,772,,5x5,26,instance_026.json
ACO_Modified,5,13,5,6.205697426139697,2.134116900037043,680,improvement_pct=46.2163,5x5,26,instance_026.json
MMR_Original,5,11,5,17.232680450983832,6.709998706355691e-05,11,,5x5,27,instance_027.json
MMR_Modified,5,11,5,17.107768625519157,0.0010546999983489513,2,improvement_pct=0.7249,5x5,27,instance_027.json
ACO_Original,5,11,5,19.418164340161184,2.112059800012503,1051,,5x5,27,instance_027.json
ACO_Modified,5,11,5,17.232680450983832,2.1109075999702327,1035,improvement_pct=0.0000,5x5,27,instance_027.json
MMR_Original,5,11,5,0.9220404902635148,4.850002005696297e-05,11,,5x5,28,instance_028.json
MMR_Modified,5,11,5,0.9220404902635148,0.00048290000995621085,1,improvement_pct=0.0000,5x5,28,instance_028.json
ACO_Original,5,11,5,3.2162809094490883,2.110747899976559,1019,,5x5,28,instance_028.json
ACO_Modified,5,11,5,0.9220404902635148,2.113656900008209,1024,improvement_pct=0.0000,5x5,28,instance_028.json
MMR_Original,5,7,5,11.728326490891986,2.0499981474131346e-05,7,,5x5,29,instance_029.json
MMR_Modified,5,7,5,11.728326490891986,0.00020420004148036242,1,improvement_pct=0.0000,5x5,29,instance_029.json
ACO_Original,5,7,5,13.057584201901676,2.071177500009071,2293,,5x5,29,instance_029.json
ACO_Modified,5,7,5,11.728326490891986,2.0703546999720857,2263,improvement_pct=0.0000,5x5,29,instance_029.json
MMR_Original,5,11,5,6.493341538524359,3.7999998312443495e-05,11,,5x5,30,instance_030.json
MMR_Modified,5,11,5,6.201571003337822,0.000680800003465265,2,improvement_pct=4.4934,5x5,30,instance_030.json
ACO_Original,5,11,5,8.866423246199254,2.1105721999774687,980,,5x5,30,instance_030.json
ACO_Modified,5,11,5,6.493341538524359,2.1109873999957927,997,improvement_pct=0.0000,5x5,30,instance_030.json
MMR_Original,10,21,10,1.9786317872049881,0.00018079997971653938,21,,10x10,1,instance_001.json
MMR_Modified,10,21,10,1.3861347620884787,0.007468600000720471,3,improvement_pct=29.9448,10x10,1,instance_001.json
ACO_Original,10,21,10,26.975114464264,2.423248599981889,351,,10x10,1,instance_001.json
ACO_Modified,10,21,10,1.9786317872049881,2.4210405999911018,326,improvement_pct=0.0000,10x10,1,instance_001.json
MMR_Original,10,19,10,7.981750126792275,0.00015320000238716602,19,,10x10,2,instance_002.json
MMR_Modified,10,19,10,7.981750126792275,0.0027094000251963735,1,improvement_pct=0.0000,10x10,2,instance_002.json
ACO_Original,10,19,10,17.353045843146706,2.3836846000049263,368,,10x10,2,instance_002.json
ACO_Modified,10,19,10,7.981750126792275,2.3867435000138357,320,improvement_pct=0.0000,10x10,2,instance_002.json
MMR_Original,10,23,10,6.432789767900897,0.00038510002195835114,23,,10x10,3,instance_003.json
MMR_Modified,10,23,10,4.9417176713766455,0.007340600015595555,2,improvement_pct=23.1792,10x10,3,instance_003.json
ACO_Original,10,23,10,24.099201376557843,2.4611214999458753,296,,10x10,3,instance_003.json
ACO_Modified,10,23,10,6.432789767900897,2.462576200021431,289,improvement_pct=0.0000,10x10,3,instance_003.json
MMR_Original,10,25,10,2.249697701543525,0.00023880001390352845,25,,10x10,4,instance_004.json
MMR_Modified,10,25,10,2.249697701543525,0.003298599971458316,1,improvement_pct=0.0000,10x10,4,instance_004.json
ACO_Original,10,25,10,9.779744076015742,2.504577000043355,253,,10x10,4,instance_004.json
ACO_Modified,10,25,10,2.249697701543525,2.5077038999879733,244,improvement_pct=0.0000,10x10,4,instance_004.json
MMR_Original,10,19,10,5.8016307416307225,0.00019379996228963137,19,,10x10,5,instance_005.json
MMR_Modified,10,19,10,5.8016307416307225,0.0019064000225625932,1,improvement_pct=0.0000,10x10,5,instance_005.json
ACO_Original,10,19,10,22.568172664839544,2.3823780000093393,406,,10x10,5,instance_005.json
ACO_Modified,10,19,10,5.8016307416307225,2.384542200015858,406,improvement_pct=0.0000,10x10,5,instance_005.json
MMR_Original,10,21,10,17.295870338229776,0.00017190002836287022,21,,10x10,6,instance_006.json
MMR_Modified,10,21,10,17.080352650155987,0.004159600008279085,2,improvement_pct=1.2461,10x10,6,instance_006.json
ACO_Original,10,21,10,41.24076163761015,2.425155500008259,343,,10x10,6,instance_006.json
ACO_Modified,10,21,10,17.295870338229776,2.425612200051546,341,improvement_pct=0.0000,10x10,6,instance_006.json
MMR_Original,10,20,10,16.09347829610556,0.00016230001347139478,20,,10x10,7,instance_007.json
MMR_Modified,10,20,10,16.09347829610556,0.0020614999812096357,1,improvement_pct=0.0000,10x10,7,instance_007.json
ACO_Original,10,20,10,20.591651390601168,2.4031136999838054,375,,10x10,7,instance_007.json
ACO_Modified,10,20,10,15.13160418616529,2.406057999993209,380,improvement_pct=5.9768,10x10,7,instance_007.json
MMR_Original,10,22,10,3.4813816154922055,0.00019249995239078999,22,,10x10,8,instance_008.json
MMR_Modified,10,22,10,3.4813816154922055,0.002436899987515062,1,improvement_pct=0.0000,10x10,8,instance_008.json
ACO_Original,10,22,10,15.09514204623363,2.442664899979718,315,,10x10,8,instance_008.json
ACO_Modified,10,22,10,3.4813816154922055,2.443893800023943,316,improvement_pct=0.0000,10x10,8,instance_008.json
MMR_Original,10,19,10,7.5048782715297655,0.0001474000164307654,19,,10x10,9,instance_009.json
MMR_Modified,10,19,10,7.5048782715297655,0.0020469999872148037,1,improvement_pct=0.0000,10x10,9,instance_009.json
ACO_Original,10,19,10,33.75315548034575,2.382314899994526,412,,10x10,9,instance_009.json
ACO_Modified,10,19,10,7.5048782715297655,2.3844294999726117,399,improvement_pct=0.0000,10x10,9,instance_009.json
MMR_Original,10,21,10,3.27606304192309,0.0003174000303260982,21,,10x10,10,instance_010.json
MMR_Modified,10,21,10,3.1387106333854584,0.008984899963252246,2,improvement_pct=4.1926,10x10,10,instance_010.json
ACO_Original,10,21,10,14.831353088861173,2.420115999993868,353,,10x10,10,instance_010.json
ACO_Modified,10,21,10,3.27606304192309,2.425066899973899,340,improvement_pct=0.0000,10x10,10,instance_010.json
MMR_Original,10,22,10,11.650777984982861,0.00020999996922910213,22,,10x10,11,instance_011.json
MMR_Modified,10,22,10,11.650777984982861,0.0023382999934256077,1,improvement_pct=0.0000,10x10,11,instance_011.json
ACO_Original,10,22,10,59.419173104243725,2.4460792999598198,332,,10x10,11,instance_011.json
ACO_Modified,10,22,10,11.650777984982861,2.4439545000204816,321,improvement_pct=0.0000,10x10,11,instance_011.json
MMR_Original,10,21,10,6.992307885522123,0.0001691999495960772,21,,10x10,12,instance_012.json
MMR_Modified,10,21,10,6.992307885522123,0.002141700009815395,1,improvement_pct=0.0000,10x10,12,instance_012.json
ACO_Original,10,21,10,11.202785731362706,2.4209200000041164,349,,10x10,12,instance_012.json
ACO_Modified,10,21,10,6.992307885522123,2.4231169000267982,344,improvement_pct=0.0000,10x10,12,instance_012.json
MMR_Original,10,16,10,25.013512527571912,0.00016009999671950936,16,,10x10,13,instance_013.json
MMR_Modified,10,16,10,25.013512527571912,0.0032162999850697815,1,improvement_pct=0.0000,10x10,13,instance_013.json
ACO_Original,10,16,10,46.986174320027104,2.3206406999961473,566,,10x10,13,instance_013.json
ACO_Modified,10,16,10,25.013512527571912,2.3209060999797657,563,improvement_pct=0.0000,10x10,13,instance_013.json
MMR_Original,10,20,10,8.196005926766384,0.00016240001423284411,20,,10x10,14,instance_014.json
MMR_Modified,10,20,10,8.196005926766384,0.0021244999952614307,1,improvement_pct=0.0000,10x10,14,instance_014.json
ACO_Original,10,20,10,21.560184389484174,2.4070010000141338,381,,10x10,14,instance_014.json
ACO_Modified,10,20,10,8.196005926766384,2.403836500016041,373,improvement_pct=0.0000,10x10,14,instance_014.json
MMR_Original,10,19,10,12.671344303194873,0.000166199984960258,19,,10x10,15,instance_015.json
MMR_Modified,10,19,10,11.53611518236484,0.006277400010731071,3,improvement_pct=8.9590,10x10,15,instance_015.json
ACO_Original,10,19,10,29.40424014795652,2.404815800022334,169,,10x10,15,instance_015.json
ACO_Modified,10,19,10,12.671344303194873,2.382685800024774,61,improvement_pct=0.0000,10x10,15,instance_015.json
MMR_Original,10,20,10,27.2550961622304,0.0005240999744273722,20,,10x10,16,instance_016.json
MMR_Modified,10,20,10,17.344426366551154,0.02692840003874153,3,improvement_pct=36.3626,10x10,16,instance_016.json
ACO_Original,10,20,10,44.631586907365886,2.40370270004496,185,,10x10,16,instance_016.json
ACO_Modified,10,20,10,27.2550961622304,2.4007025999599136,371,improvement_pct=0.0000,10x10,16,instance_016.json
MMR_Original,10,23,10,5.699099376531891,0.00020870001753792167,23,,10x10,17,instance_017.json
MMR_Modified,10,23,10,5.699099376531891,0.0025932000135071576,1,improvement_pct=0.0000,10x10,17,instance_017.json
ACO_Original,10,23,10,26.65242434037255,2.465291599975899,301,,10x10,17,instance_017.json
ACO_Modified,10,23,10,5.699099376531891,2.463468300004024,288,improvement_pct=0.0000,10x10,17,instance_017.json
MMR_Original,10,15,10,28.72636305092941,9.659997886046767e-05,15,,10x10,18,instance_018.json
MMR_Modified,10,15,10,23.206957012320398,0.0035748000373132527,3,improvement_pct=19.2137,10x10,18,instance_018.json
ACO_Original,10,15,10,53.08258226669659,2.3004847000120208,625,,10x10,18,instance_018.json
ACO_Modified,10,15,10,28.72636305092941,2.301151499967091,626,improvement_pct=0.0000,10x10,18,instance_018.json
MMR_Original,10,19,10,3.6012415063366787,0.00014680001186206937,19,,10x10,19,instance_019.json
MMR_Modified,10,19,10,3.6012415063366787,0.0019138000207021832,1,improvement_pct=0.0000,10x10,19,instance_019.json
ACO_Original,10,19,10,19.293131739385306,2.382430099998601,410,,10x10,19,instance_019.json
ACO_Modified,10,19,10,3.6012415063366787,2.4697835000115447,356,improvement_pct=0.0000,10x10,19,instance_019.json
MMR_Original,10,14,10,50.835659648659,0.00027249997947365046,14,,10x10,20,instance_020.json
MMR_Modified,10,14,10,50.835659648659,0.004970000009052455,1,improvement_pct=0.0000,10x10,20,instance_020.json
ACO_Original,10,14,10,48.9187403466252,2.2807041999767534,93,,10x10,20,instance_020.json
ACO_Modified,10,14,10,50.835659648659,2.2847467999672517,96,improvement_pct=0.0000,10x10,20,instance_020.json
MMR_Original,10,15,10,28.11017248689335,0.00031750003108754754,15,,10x10,21,instance_021.json
MMR_Modified,10,15,10,28.11017248689335,0.006068799993954599,1,improvement_pct=0.0000,10x10,21,instance_021.json
ACO_Original,10,15,10,50.08816840201081,2.321887700003572,79,,10x10,21,instance_021.json
ACO_Modified,10,15,10,28.11017248689335,2.3057527000200935,88,improvement_pct=0.0000,10x10,21,instance_021.json
MMR_Original,10,17,10,39.805379116360655,0.0004042999935336411,17,,10x10,22,instance_022.json
MMR_Modified,10,17,10,39.805379116360655,0.00784949999069795,1,improvement_pct=0.0000,10x10,22,instance_022.json
ACO_Original,10,17,10,61.581949815053036,2.3555424999794923,73,,10x10,22,instance_022.json
ACO_Modified,10,17,10,39.805379116360655,2.3597306999727152,69,improvement_pct=0.0000,10x10,22,instance_022.json
MMR_Original,10,25,10,4.9497192367431575,0.0007649000035598874,25,,10x10,23,instance_023.json
MMR_Modified,10,25,10,4.9497192367431575,0.012881400005426258,1,improvement_pct=0.0000,10x10,23,instance_023.json
ACO_Original,10,25,10,17.669977632829124,2.5691335999872535,36,,10x10,23,instance_023.json
ACO_Modified,10,25,10,4.9497192367431575,2.5326216999674216,35,improvement_pct=0.0000,10x10,23,instance_023.json
MMR_Original,10,18,10,19.762823350431354,0.0004841000190936029,18,,10x10,24,instance_024.json
MMR_Modified,10,18,10,19.762823350431354,0.008084400033112615,1,improvement_pct=0.0000,10x10,24,instance_024.json
ACO_Original,10,18,10,41.81906436366279,2.360038299986627,57,,10x10,24,instance_024.json
ACO_Modified,10,18,10,19.762823350431354,2.373542000015732,64,improvement_pct=0.0000,10x10,24,instance_024.json
MMR_Original,10,19,10,6.1638284021755005,0.00047769997036084533,19,,10x10,25,instance_025.json
MMR_Modified,10,19,10,6.1638284021755005,0.009298400022089481,1,improvement_pct=0.0000,10x10,25,instance_025.json
ACO_Original,10,19,10,20.011235326199987,2.3993650999618694,60,,10x10,25,instance_025.json
ACO_Modified,10,19,10,6.1638284021755005,2.3883005000534467,60,improvement_pct=0.0000,10x10,25,instance_025.json
MMR_Original,10,15,10,37.104021599771485,0.0003431999939493835,15,,10x10,26,instance_026.json
MMR_Modified,10,15,10,37.104021599771485,0.007613200054038316,1,improvement_pct=0.0000,10x10,26,instance_026.json
ACO_Original,10,15,10,64.51013764503661,2.317581199982669,90,,10x10,26,instance_026.json
ACO_Modified,10,15,10,37.104021599771485,2.3180878999992274,89,improvement_pct=0.0000,10x10,26,instance_026.json
MMR_Original,10,16,10,21.786145484999885,0.00036040000850334764,16,,10x10,27,instance_027.json
MMR_Modified,10,16,10,21.786145484999885,0.010340999986510724,1,improvement_pct=0.0000,10x10,27,instance_027.json
ACO_Original,10,16,10,48.453027077343144,2.329989799996838,79,,10x10,27,instance_027.json
ACO_Modified,10,16,10,21.786145484999885,2.343672399991192,324,improvement_pct=0.0000,10x10,27,instance_027.json
MMR_Original,10,20,10,7.511293743614499,0.0005923999706283212,20,,10x10,28,instance_028.json
MMR_Modified,10,20,10,7.511293743614499,0.009859499987214804,1,improvement_pct=0.0000,10x10,28,instance_028.json
ACO_Original,10,20,10,48.05988328523999,2.4015551999909803,304,,10x10,28,instance_028.json
ACO_Modified,10,20,10,7.511293743614499,2.412001099961344,135,improvement_pct=0.0000,10x10,28,instance_028.json
MMR_Original,10,18,10,7.720484153243342,0.0007473999867215753,18,,10x10,29,instance_029.json
MMR_Modified,10,18,10,7.720484153243342,0.007702299975790083,1,improvement_pct=0.0000,10x10,29,instance_029.json
ACO_Original,10,18,10,21.594227859569266,2.382242900028359,58,,10x10,29,instance_029.json
ACO_Modified,10,18,10,7.720484153243342,2.396934899967164,50,improvement_pct=0.0000,10x10,29,instance_029.json
MMR_Original,10,21,10,12.234714799061848,0.0005834000185132027,21,,10x10,30,instance_030.json
MMR_Modified,10,21,10,12.234714799061848,0.012803799996618181,1,improvement_pct=0.0000,10x10,30,instance_030.json
ACO_Original,10,21,10,42.13932594824566,2.4475724000367336,38,,10x10,30,instance_030.json
ACO_Modified,10,21,10,12.234714799061848,2.4309041000087745,43,improvement_pct=0.0000,10x10,30,instance_030.json
MMR_Original,20,38,20,7.777503044469739,0.0030903000151738524,38,,20x20,1,instance_001.json
MMR_Modified,20,38,20,7.777503044469739,0.05718679999699816,1,improvement_pct=0.0000,20x20,1,instance_001.json
ACO_Original,20,38,20,95.69207687445882,3.686127800028771,20,,20x20,1,instance_001.json
ACO_Modified,20,38,20,7.777503044469739,3.646026999980677,18,improvement_pct=0.0000,20x20,1,instance_001.json
MMR_Original,20,40,20,14.83627514848255,0.0036090000066906214,40,,20x20,2,instance_002.json
MMR_Modified,20,40,20,14.83627514848255,0.06385230005253106,1,improvement_pct=0.0000,20x20,2,instance_002.json
ACO_Original,20,40,20,138.27002997451862,3.7503731999895535,19,,20x20,2,instance_002.json
ACO_Modified,20,40,20,14.83627514848255,3.662973599974066,18,improvement_pct=0.0000,20x20,2,instance_002.json
MMR_Original,20,34,20,19.511452497623495,0.003312300017569214,34,,20x20,3,instance_003.json
MMR_Modified,20,34,20,18.56598795866563,0.11939900001743808,3,improvement_pct=4.8457,20x20,3,instance_003.json
ACO_Original,20,34,20,161.404475945769,3.42553319997387,22,,20x20,3,instance_003.json
ACO_Modified,20,34,20,19.511452497623495,3.4816829999908805,26,improvement_pct=0.0000,20x20,3,instance_003.json
MMR_Original,20,33,20,14.594509319759144,0.002449900028295815,33,,20x20,4,instance_004.json
MMR_Modified,20,33,20,14.594509319759144,0.046083199966233224,1,improvement_pct=0.0000,20x20,4,instance_004.json
ACO_Original,20,33,20,100.18468664570275,3.378569799999241,16,,20x20,4,instance_004.json
ACO_Modified,20,33,20,14.594509319759144,3.4333888000110164,26,improvement_pct=0.0000,20x20,4,instance_004.json
MMR_Original,20,48,20,3.6938371406405137,0.004973500035703182,48,,20x20,5,instance_005.json
MMR_Modified,20,48,20,3.5849272703618675,0.13084240001626313,2,improvement_pct=2.9484,20x20,5,instance_005.json
ACO_Original,20,48,20,104.60865568822834,4.106913600000553,16,,20x20,5,instance_005.json
ACO_Modified,20,48,20,3.6938371406405137,3.923609999998007,15,improvement_pct=0.0000,20x20,5,instance_005.json
MMR_Original,20,40,20,8.958881067180933,0.003964599978644401,40,,20x20,6,instance_006.json
MMR_Modified,20,40,20,8.958881067180933,0.0573869000072591,1,improvement_pct=0.0000,20x20,6,instance_006.json
ACO_Original,20,40,20,112.00576133913653,3.6932953000068665,22,,20x20,6,instance_006.json
ACO_Modified,20,40,20,8.958881067180933,3.650939200015273,21,improvement_pct=0.0000,20x20,6,instance_006.json
MMR_Original,20,39,20,6.2459541139103045,0.0034174000029452145,39,,20x20,7,instance_007.json
MMR_Modified,20,39,20,6.2459541139103045,0.050993199984077364,1,improvement_pct=0.0000,20x20,7,instance_007.json
ACO_Original,20,39,20,55.14318552627872,3.69815050001489,23,,20x20,7,instance_007.json
ACO_Modified,20,39,20,6.2459541139103045,3.719446400005836,22,improvement_pct=0.0000,20x20,7,instance_007.json
MMR_Original,20,41,20,6.74256247663732,0.0038410999695770442,41,,20x20,8,instance_008.json
MMR_Modified,20,41,20,6.547230570174235,0.15718800004106015,3,improvement_pct=2.8970,20x20,8,instance_008.json
ACO_Original,20,41,20,105.3185550254701,3.774979300040286,20,,20x20,8,instance_008.json
ACO_Modified,20,41,20,6.74256247663732,3.7585741000366397,21,improvement_pct=0.0000,20x20,8,instance_008.json
MMR_Original,20,44,20,2.813504876186076,0.004364399996120483,44,,20x20,9,instance_009.json
MMR_Modified,20,44,20,2.813504876186076,0.06378059997223318,1,improvement_pct=0.0000,20x20,9,instance_009.json
ACO_Original,20,44,20,80.4282213102776,3.9029187000123784,19,,20x20,9,instance_009.json
ACO_Modified,20,44,20,2.813504876186076,3.8316012999857776,18,improvement_pct=0.0000,20x20,9,instance_009.json
MMR_Original,20,43,20,8.37632219538414,0.005394199979491532,43,,20x20,10,instance_010.json
MMR_Modified,20,43,20,7.398721342568381,0.16896849998738617,3,improvement_pct=11.6710,20x20,10,instance_010.json
ACO_Original,20,43,20,66.34738300106962,3.8457197999814525,19,,20x20,10,instance_010.json
ACO_Modified,20,43,20,8.37632219538414,3.868201599980239,18,improvement_pct=0.0000,20x20,10,instance_010.json
MMR_Original,20,47,20,4.043738360781962,0.0052211000001989305,47,,20x20,11,instance_011.json
MMR_Modified,20,47,20,4.043738360781962,0.06902250001439825,1,improvement_pct=0.0000,20x20,11,instance_011.json
ACO_Original,20,47,20,105.58955892234391,3.9905041999882087,17,,20x20,11,instance_011.json
ACO_Modified,20,47,20,4.043738360781962,3.988766099966597,17,improvement_pct=0.0000,20x20,11,instance_011.json
MMR_Original,20,43,20,4.4338163654030005,0.004062200023327023,43,,20x20,12,instance_012.json
MMR_Modified,20,43,20,4.4338163654030005,0.060088699974585325,1,improvement_pct=0.0000,20x20,12,instance_012.json
ACO_Original,20,43,20,68.63442811459169,3.750819800014142,19,,20x20,12,instance_012.json
ACO_Modified,20,43,20,4.4338163654030005,3.864249100035522,19,improvement_pct=0.0000,20x20,12,instance_012.json
MMR_Original,20,42,20,5.243519747257294,0.003823900013230741,42,,20x20,13,instance_013.json
MMR_Modified,20,42,20,5.243519747257294,0.05862440000055358,1,improvement_pct=0.0000,20x20,13,instance_013.json
ACO_Original,20,42,20,118.37010881626124,3.706393900036346,75,,20x20,13,instance_013.json
ACO_Modified,20,42,20,5.243519747257294,3.707581199996639,124,improvement_pct=0.0000,20x20,13,instance_013.json
MMR_Original,20,41,20,12.469981533733375,0.0010480000055395067,41,,20x20,14,instance_014.json
MMR_Modified,20,41,20,12.469981533733375,0.015732200001366436,1,improvement_pct=0.0000,20x20,14,instance_014.json
ACO_Original,20,41,20,81.93190579873803,3.6539639999973588,133,,20x20,14,instance_014.json
ACO_Modified,20,41,20,12.469981533733375,3.641723999986425,137,improvement_pct=0.0000,20x20,14,instance_014.json
MMR_Original,20,46,20,3.871025141181689,0.0013487999676726758,46,,20x20,15,instance_015.json
MMR_Modified,20,46,20,3.871025141181689,0.021700299985241145,1,improvement_pct=0.0000,20x20,15,instance_015.json
ACO_Original,20,46,20,70.57374022111436,3.8535232999711297,113,,20x20,15,instance_015.json
ACO_Modified,20,46,20,3.871025141181689,3.8408453000010923,103,improvement_pct=0.0000,20x20,15,instance_015.json
MMR_Original,20,43,20,5.089401871310954,0.0013647000305354595,43,,20x20,16,instance_016.json
MMR_Modified,20,43,20,4.676003448265081,0.03128520003519952,2,improvement_pct=8.1227,20x20,16,instance_016.json
ACO_Original,20,43,20,62.151652991565086,3.7424058000324294,128,,20x20,16,instance_016.json
ACO_Modified,20,43,20,5.089401871310954,3.728782999969553,103,improvement_pct=0.0000,20x20,16,instance_016.json
MMR_Original,20,39,20,7.402777935463497,0.0009561000042594969,39,,20x20,17,instance_017.json
MMR_Modified,20,39,20,7.402777935463497,0.015481500013265759,1,improvement_pct=0.0000,20x20,17,instance_017.json
ACO_Original,20,39,20,105.23879073218171,3.5983961000456475,108,,20x20,17,instance_017.json
ACO_Modified,20,39,20,7.402777935463497,3.582951000018511,98,improvement_pct=0.0000,20x20,17,instance_017.json
MMR_Original,20,40,20,10.047151083425405,0.001012300024740398,40,,20x20,18,instance_018.json
MMR_Modified,20,40,20,9.513827552075178,0.04703349998453632,3,improvement_pct=5.3082,20x20,18,instance_018.json
ACO_Original,20,40,20,112.0579789385219,3.6255749000119977,127,,20x20,18,instance_018.json
ACO_Modified,20,40,20,10.047151083425405,3.631891299970448,133,improvement_pct=0.0000,20x20,18,instance_018.json
MMR_Original,20,38,20,7.885971320793457,0.0010554999462328851,38,,20x20,19,instance_019.json
MMR_Modified,20,38,20,7.885971320793457,0.013826699985656887,1,improvement_pct=0.0000,20x20,19,instance_019.json
ACO_Original,20,38,20,75.922401539315,3.520147299976088,143,,20x20,19,instance_019.json
ACO_Modified,20,38,20,7.885971320793457,3.619551000010688,31,improvement_pct=0.0000,20x20,19,instance_019.json
MMR_Original,20,49,20,2.127244348482195,0.005888699961360544,49,,20x20,20,instance_020.json
MMR_Modified,20,49,20,2.1136304783673623,0.14537450001807883,2,improvement_pct=0.6400,20x20,20,instance_020.json
ACO_Original,20,49,20,82.68196492299775,4.048892499995418,14,,20x20,20,instance_020.json
ACO_Modified,20,49,20,2.127244348482195,4.313143200008199,14,improvement_pct=0.0000,20x20,20,instance_020.json
MMR_Original,20,43,20,4.9113566238002795,0.003975900006480515,43,,20x20,21,instance_021.json
MMR_Modified,20,43,20,4.9113566238002795,0.061710999987553805,1,improvement_pct=0.0000,20x20,21,instance_021.json
ACO_Original,20,43,20,110.5375006395461,3.7447467999882065,23,,20x20,21,instance_021.json
ACO_Modified,20,43,20,4.9113566238002795,3.809123999963049,32,improvement_pct=0.0000,20x20,21,instance_021.json
MMR_Original,20,41,20,7.983237475560614,0.0026419999776408076,41,,20x20,22,instance_022.json
MMR_Modified,20,41,20,7.983237475560614,0.0466572999721393,1,improvement_pct=0.0000,20x20,22,instance_022.json
ACO_Original,20,41,20,99.491898620313,3.8000385999912396,20,,20x20,22,instance_022.json
ACO_Modified,20,41,20,7.983237475560614,3.755016000010073,20,improvement_pct=0.0000,20x20,22,instance_022.json
MMR_Original,20,38,20,7.40989214690828,0.004281400004401803,38,,20x20,23,instance_023.json
MMR_Modified,20,38,20,7.40989214690828,0.052781300037167966,1,improvement_pct=0.0000,20x20,23,instance_023.json
ACO_Original,20,38,20,119.85740455240456,3.592730099975597,22,,20x20,23,instance_023.json
ACO_Modified,20,38,20,7.40989214690828,3.622226299950853,21,improvement_pct=0.0000,20x20,23,instance_023.json
MMR_Original,20,49,20,1.722420957834126,0.006216000008862466,49,,20x20,24,instance_024.json
MMR_Modified,20,49,20,1.722420957834126,0.08236070000566542,1,improvement_pct=0.0000,20x20,24,instance_024.json
ACO_Original,20,49,20,89.88994130770163,4.174581400002353,15,,20x20,24,instance_024.json
ACO_Modified,20,49,20,1.722420957834126,4.158086299954448,15,improvement_pct=0.0000,20x20,24,instance_024.json
MMR_Original,20,41,20,6.736451828881114,0.006276800006162375,41,,20x20,25,instance_025.json
MMR_Modified,20,41,20,6.736451828881114,0.08724870003061369,1,improvement_pct=0.0000,20x20,25,instance_025.json
ACO_Original,20,41,20,121.40874439173137,3.732511500013061,18,,20x20,25,instance_025.json
ACO_Modified,20,41,20,6.736451828881114,3.6722020999877714,18,improvement_pct=0.0000,20x20,25,instance_025.json
MMR_Original,20,44,20,8.822675303365546,0.004180100047960877,44,,20x20,26,instance_026.json
MMR_Modified,20,44,20,8.456613680834382,0.13244369998574257,2,improvement_pct=4.1491,20x20,26,instance_026.json
ACO_Original,20,44,20,78.46927067317796,3.859342799987644,18,,20x20,26,instance_026.json
ACO_Modified,20,44,20,8.822675303365546,3.9446864999481477,17,improvement_pct=0.0000,20x20,26,instance_026.json
MMR_Original,20,42,20,8.004023449926597,0.003778700018301606,42,,20x20,27,instance_027.json
MMR_Modified,20,42,20,7.541034921486189,0.16160809999564663,3,improvement_pct=5.7844,20x20,27,instance_027.json
ACO_Original,20,42,20,90.53229024826437,3.799649099993985,20,,20x20,27,instance_027.json
ACO_Modified,20,42,20,8.004023449926597,3.6816438999958336,40,improvement_pct=0.0000,20x20,27,instance_027.json
MMR_Original,20,32,20,24.032175437320824,0.0007223000284284353,32,,20x20,28,instance_028.json
MMR_Modified,20,32,20,24.032175437320824,0.01217269996413961,1,improvement_pct=0.0000,20x20,28,instance_028.json
ACO_Original,20,32,20,117.99828272018487,3.2857013000175357,191,,20x20,28,instance_028.json
ACO_Modified,20,32,20,24.032175437320824,3.293979500012938,190,improvement_pct=0.0000,20x20,28,instance_028.json
MMR_Original,20,38,20,6.59856775508945,0.0010003999923355877,38,,20x20,29,instance_029.json
MMR_Modified,20,38,20,6.59856775508945,0.01334030000725761,1,improvement_pct=0.0000,20x20,29,instance_029.json
ACO_Original,20,38,20,63.488753181232454,3.5482735999976285,154,,20x20,29,instance_029.json
ACO_Modified,20,38,20,6.59856775508945,3.5366017999476753,144,improvement_pct=0.0000,20x20,29,instance_029.json
MMR_Original,20,40,20,5.389994952055264,0.001110200013499707,40,,20x20,30,instance_030.json
MMR_Modified,20,40,20,4.999099368924454,0.038129900000058115,2,improvement_pct=7.2522,20x20,30,instance_030.json
ACO_Original,20,40,20,71.27505903300707,3.602265299996361,138,,20x20,30,instance_030.json
ACO_Modified,20,40,20,5.389994952055264,3.6016552000073716,139,improvement_pct=0.0000,20x20,30,instance_030.json
MMR_Original,5,9,10,194.1137735538126,3.980001201853156e-05,9,,5w10t,1,instance_001.json
MMR_Modified,5,9,10,194.1137735538126,0.000591500021982938,1,improvement_pct=0.0000,5w10t,1,instance_001.json
ACO_Original,5,9,10,166.99377918229473,2.181079099944327,1346,,5w10t,1,instance_001.json
ACO_Modified,5,9,10,158.55990308896278,2.1802319000125863,1296,improvement_pct=18.3160,5w10t,1,instance_001.json
MMR_Original,5,11,10,138.09046536546927,6.059999577701092e-05,11,,5w10t,2,instance_002.json
MMR_Modified,5,11,10,138.09046536546927,0.0008133999654091895,1,improvement_pct=0.0000,5w10t,2,instance_002.json
ACO_Original,5,11,10,190.20066029160594,2.223216099955607,1006,,5w10t,2,instance_002.json
ACO_Modified,5,11,10,138.09046536546927,2.221253599971533,1061,improvement_pct=0.0000,5w10t,2,instance_002.json
MMR_Original,5,14,10,53.893591615068644,8.209998486563563e-05,14,,5w10t,3,instance_003.json
MMR_Modified,5,14,10,53.893591615068644,0.0011206999770365655,1,improvement_pct=0.0000,5w10t,3,instance_003.json
ACO_Original,5,14,10,75.53425258889777,2.286950900044758,687,,5w10t,3,instance_003.json
ACO_Modified,5,14,10,53.893591615068644,2.2842724000220187,420,improvement_pct=0.0000,5w10t,3,instance_003.json
MMR_Original,5,12,10,111.14723202550135,0.00011570000788196921,12,,5w10t,4,instance_004.json
MMR_Modified,5,12,10,111.14723202550135,0.002222799987066537,1,improvement_pct=0.0000,5w10t,4,instance_004.json
ACO_Original,5,12,10,139.8700282710539,2.2438415000215173,588,,5w10t,4,instance_004.json
ACO_Modified,5,12,10,111.14723202550135,2.2420845000306144,916,improvement_pct=0.0000,5w10t,4,instance_004.json
MMR_Original,5,8,10,81.54424909124141,0.00016930000856518745,8,,5w10t,5,instance_005.json
MMR_Modified,5,8,10,81.54424909124141,0.0017711000400595367,1,improvement_pct=0.0000,5w10t,5,instance_005.json
ACO_Original,5,8,10,81.54424909124141,2.1604208000353537,1473,,5w10t,5,instance_005.json
ACO_Modified,5,8,10,81.54424909124141,2.160730400006287,1410,improvement_pct=0.0000,5w10t,5,instance_005.json
MMR_Original,5,9,10,127.18113355341984,3.9000005926936865e-05,9,,5w10t,6,instance_006.json
MMR_Modified,5,9,10,127.18113355341984,0.0006068999646231532,1,improvement_pct=0.0000,5w10t,6,instance_006.json
ACO_Original,5,9,10,143.67562596306138,2.18050439999206,1371,,5w10t,6,instance_006.json
ACO_Modified,5,9,10,127.18113355341984,2.181151399970986,1325,improvement_pct=0.0000,5w10t,6,instance_006.json
MMR_Original,5,11,10,72.17783949961236,5.540001438930631e-05,11,,5w10t,7,instance_007.json
MMR_Modified,5,11,10,72.17783949961236,0.000790199963375926,1,improvement_pct=0.0000,5w10t,7,instance_007.json
ACO_Original,5,11,10,99.54521906885734,2.221683799987659,1094,,5w10t,7,instance_007.json
ACO_Modified,5,11,10,72.17783949961236,2.2208579999860376,1072,improvement_pct=0.0000,5w10t,7,instance_007.json
MMR_Original,5,13,10,76.59037016675089,0.00016250001499429345,13,,5w10t,8,instance_008.json
MMR_Modified,5,13,10,76.59037016675089,0.0027292000013403594,1,improvement_pct=0.0000,5w10t,8,instance_008.json
ACO_Original,5,13,10,106.66813444094754,2.277039500011597,212,,5w10t,8,instance_008.json
ACO_Modified,5,13,10,76.59037016675089,2.265015700017102,135,improvement_pct=0.0000,5w10t,8,instance_008.json
MMR_Original,5,6,10,145.87457565667881,7.43999844416976e-05,6,,5w10t,9,instance_009.json
MMR_Modified,5,6,10,145.87457565667881,0.002203000010922551,1,improvement_pct=0.0000,5w10t,9,instance_009.json
ACO_Original,5,6,10,127.5249029322762,2.124238000018522,237,,5w10t,9,instance_009.json
ACO_Modified,5,6,10,127.5249029322762,2.120685800036881,1620,improvement_pct=12.5791,5w10t,9,instance_009.json
MMR_Original,5,10,10,78.4691538963197,4.850002005696297e-05,10,,5w10t,10,instance_010.json
MMR_Modified,5,10,10,71.03495718630803,0.001941499998793006,3,improvement_pct=9.4740,5w10t,10,instance_010.json
ACO_Original,5,10,10,109.23816849104297,2.2010781000135466,1106,,5w10t,10,instance_010.json
ACO_Modified,5,10,10,78.4691538963197,2.2152321000467055,1069,improvement_pct=0.0000,5w10t,10,instance_010.json
MMR_Original,5,8,10,199.68115986760913,0.00014790002023801208,8,,5w10t,11,instance_011.json
MMR_Modified,5,8,10,199.68115986760913,0.010915699996985495,1,improvement_pct=0.0000,5w10t,11,instance_011.json
ACO_Original,5,8,10,184.48771650855747,2.1647595999529585,174,,5w10t,11,instance_011.json
ACO_Modified,5,8,10,183.79369623248795,2.1711117000086233,166,improvement_pct=7.9564,5w10t,11,instance_011.json
MMR_Original,5,11,10,76.91916950311814,0.00018540001474320889,11,,5w10t,12,instance_012.json
MMR_Modified,5,11,10,76.91916950311814,0.008638200000859797,1,improvement_pct=0.0000,5w10t,12,instance_012.json
ACO_Original,5,11,10,79.5133605496805,2.2225502000073902,124,,5w10t,12,instance_012.json
ACO_Modified,5,11,10,76.91916950311814,2.22937890002504,130,improvement_pct=0.0000,5w10t,12,instance_012.json
MMR_Original,5,9,10,69.86233827278129,0.00012559996685013175,9,,5w10t,13,instance_013.json
MMR_Modified,5,9,10,69.86233827278129,0.002643899992108345,1,improvement_pct=0.0000,5w10t,13,instance_013.json
ACO_Original,5,9,10,89.99929529700309,2.1845121000078507,175,,5w10t,13,instance_013.json
ACO_Modified,5,9,10,69.86233827278129,2.1862098000128753,149,improvement_pct=0.0000,5w10t,13,instance_013.json
MMR_Original,5,10,10,57.82022815350295,0.0001773000112734735,10,,5w10t,14,instance_014.json
MMR_Modified,5,10,10,57.82022815350295,0.003559500037226826,1,improvement_pct=0.0000,5w10t,14,instance_014.json
ACO_Original,5,10,10,65.63577337468449,2.2075385999633,233,,5w10t,14,instance_014.json
ACO_Modified,5,10,10,57.82022815350295,2.200540899997577,900,improvement_pct=0.0000,5w10t,14,instance_014.json
MMR_Original,5,11,10,129.79768656735408,5.390000296756625e-05,11,,5w10t,15,instance_015.json
MMR_Modified,5,11,10,129.79768656735408,0.0007881000055931509,1,improvement_pct=0.0000,5w10t,15,instance_015.json
ACO_Original,5,11,10,129.7235860912848,2.2205413000192493,942,,5w10t,15,instance_015.json
ACO_Modified,5,11,10,129.79768656735408,2.2201967000146396,1056,improvement_pct=0.0000,5w10t,15,instance_015.json
MMR_Original,5,11,10,127.01336481219084,9.190000128000975e-05,11,,5w10t,16,instance_016.json
MMR_Modified,5,11,10,127.01336481219084,0.0015380000113509595,1,improvement_pct=0.0000,5w10t,16,instance_016.json
ACO_Original,5,11,10,148.61544664125563,2.2206771000055596,1021,,5w10t,16,instance_016.json
ACO_Modified,5,11,10,123.39597695479554,2.220623000001069,1025,improvement_pct=2.8480,5w10t,16,instance_016.json
MMR_Original,5,10,10,100.68254476236501,4.630000330507755e-05,10,,5w10t,17,instance_017.json
MMR_Modified,5,10,10,95.07694561057014,0.0019401000463403761,3,improvement_pct=5.5676,5w10t,17,instance_017.json
ACO_Original,5,10,10,113.05251048441784,2.200596000009682,1262,,5w10t,17,instance_017.json
ACO_Modified,5,10,10,100.68254476236501,2.2149537000223063,155,improvement_pct=0.0000,5w10t,17,instance_017.json
MMR_Original,5,10,10,142.80094824089088,0.00016069994308054447,10,,5w10t,18,instance_018.json
MMR_Modified,5,10,10,142.80094824089088,0.003197799960616976,1,improvement_pct=0.0000,5w10t,18,instance_018.json
ACO_Original,5,10,10,155.467140472511,2.2041993999737315,164,,5w10t,18,instance_018.json
ACO_Modified,5,10,10,142.80094824089088,2.209031499980483,119,improvement_pct=0.0000,5w10t,18,instance_018.json
MMR_Original,5,9,10,210.90134407008665,0.00014459999511018395,9,,5w10t,19,instance_019.json
MMR_Modified,5,9,10,210.90134407008665,0.008131999988108873,1,improvement_pct=0.0000,5w10t,19,instance_019.json
ACO_Original,5,9,10,238.99012200719426,2.1906442000181414,161,,5w10t,19,instance_019.json
ACO_Modified,5,9,10,210.90134407008665,2.180552900012117,168,improvement_pct=0.0000,5w10t,19,instance_019.json
MMR_Original,5,9,10,129.62379662983065,0.0007973000174388289,9,,5w10t,20,instance_020.json
MMR_Modified,5,9,10,129.62379662983065,0.008328299969434738,1,improvement_pct=0.0000,5w10t,20,instance_020.json
ACO_Original,5,9,10,141.27164892257508,2.188087299990002,133,,5w10t,20,instance_020.json
ACO_Modified,5,9,10,129.62379662983065,2.181397599983029,169,improvement_pct=0.0000,5w10t,20,instance_020.json
MMR_Original,10,17,20,124.4521020703912,0.000674000009894371,17,,10w20t,1,instance_001.json
MMR_Modified,10,17,20,124.4521020703912,0.017304900044109672,1,improvement_pct=0.0000,10w20t,1,instance_001.json
ACO_Original,10,17,20,185.30657622202844,2.7262473999871872,61,,10w20t,1,instance_001.json
ACO_Modified,10,17,20,124.4521020703912,2.6986712000216357,49,improvement_pct=0.0000,10w20t,1,instance_001.json
MMR_Original,10,23,20,127.28564875655302,0.0012359999818727374,23,,10w20t,2,instance_002.json
MMR_Modified,10,23,20,127.28564875655302,0.029772499983664602,1,improvement_pct=0.0000,10w20t,2,instance_002.json
ACO_Original,10,23,20,212.95390920187998,2.9776624999940395,45,,10w20t,2,instance_002.json
ACO_Modified,10,23,20,127.28564875655302,3.0995145000051707,37,improvement_pct=0.0000,10w20t,2,instance_002.json
MMR_Original,10,25,20,70.61225705718817,0.000902600004337728,25,,10w20t,3,instance_003.json
MMR_Modified,10,25,20,70.61225705718817,0.03610630001639947,1,improvement_pct=0.0000,10w20t,3,instance_003.json
ACO_Original,10,25,20,172.82176071483525,3.034700000018347,27,,10w20t,3,instance_003.json
ACO_Modified,10,25,20,70.61225705718817,3.013230399985332,33,improvement_pct=0.0000,10w20t,3,instance_003.json
MMR_Original,10,19,20,161.32532487531347,0.0009321999968960881,19,,10w20t,4,instance_004.json
MMR_Modified,10,19,20,161.32532487531347,0.027156100026331842,1,improvement_pct=0.0000,10w20t,4,instance_004.json
ACO_Original,10,19,20,234.1366986673828,2.8042655999888666,47,,10w20t,4,instance_004.json
ACO_Modified,10,19,20,161.32532487531347,2.7816583000239916,47,improvement_pct=0.0000,10w20t,4,instance_004.json
MMR_Original,10,20,20,107.83588196822312,0.0010715000098571181,20,,10w20t,5,instance_005.json
MMR_Modified,10,20,20,107.83588196822312,0.023955699987709522,1,improvement_pct=0.0000,10w20t,5,instance_005.json
ACO_Original,10,20,20,240.0345420162775,2.8213859999668784,39,,10w20t,5,instance_005.json
ACO_Modified,10,20,20,107.83588196822312,2.8838586999918334,41,improvement_pct=0.0000,10w20t,5,instance_005.json
MMR_Original,10,19,20,96.84320057171381,0.0008265000069513917,19,,10w20t,6,instance_006.json
MMR_Modified,10,19,20,96.84320057171381,0.031643400026950985,1,improvement_pct=0.0000,10w20t,6,instance_006.json
ACO_Original,10,19,20,206.92424594434783,2.7674837000085972,40,,10w20t,6,instance_006.json
ACO_Modified,10,19,20,96.84320057171381,2.7600796000333503,64,improvement_pct=0.0000,10w20t,6,instance_006.json
MMR_Original,10,18,20,180.10850617887675,0.0008415000047534704,18,,10w20t,7,instance_007.json
MMR_Modified,10,18,20,162.83190745138916,0.037337299960199744,2,improvement_pct=9.5923,10w20t,7,instance_007.json
ACO_Original,10,18,20,209.35403697399155,2.7474992999923415,58,,10w20t,7,instance_007.json
ACO_Modified,10,18,20,180.10850617887675,2.738552000024356,62,improvement_pct=0.0000,10w20t,7,instance_007.json
MMR_Original,10,18,20,140.5370809072062,0.0009907999774441123,18,,10w20t,8,instance_008.json
MMR_Modified,10,18,20,138.1817380701964,0.047570599999744445,3,improvement_pct=1.6760,10w20t,8,instance_008.json
ACO_Original,10,18,20,231.71414862504528,2.726935099984985,64,,10w20t,8,instance_008.json
ACO_Modified,10,18,20,140.5370809072062,2.7273133999551646,320,improvement_pct=0.0000,10w20t,8,instance_008.json
MMR_Original,10,22,20,97.77034036352204,0.00038079998921602964,22,,10w20t,9,instance_009.json
MMR_Modified,10,22,20,97.77034036352204,0.005740900000091642,1,improvement_pct=0.0000,10w20t,9,instance_009.json
ACO_Original,10,22,20,207.47052005842247,2.8804172999807633,356,,10w20t,9,instance_009.json
ACO_Modified,10,22,20,97.77034036352204,2.8852606000145897,357,improvement_pct=0.0000,10w20t,9,instance_009.json
MMR_Original,10,20,20,197.48473537139733,0.0002749999985098839,20,,10w20t,10,instance_010.json
MMR_Modified,10,20,20,187.84460789667796,0.01281879999442026,3,improvement_pct=4.8815,10w20t,10,instance_010.json
ACO_Original,10,20,20,223.01725490868165,2.806450499978382,412,,10w20t,10,instance_010.json
ACO_Modified,10,20,20,197.48473537139733,2.8048149999813177,415,improvement_pct=0.0000,10w20t,10,instance_010.json
MMR_Original,10,22,20,74.32850280347333,0.00032400002237409353,22,,10w20t,11,instance_011.json
MMR_Modified,10,22,20,73.84234645960147,0.010183300008065999,2,improvement_pct=0.6541,10w20t,11,instance_011.json
ACO_Original,10,22,20,130.9699631035603,2.886325300030876,373,,10w20t,11,instance_011.json
ACO_Modified,10,22,20,74.32850280347333,2.8869947000057437,359,improvement_pct=0.0000,10w20t,11,instance_011.json
MMR_Original,10,18,20,186.68124051967152,0.000278000021353364,18,,10w20t,12,instance_012.json
MMR_Modified,10,18,20,186.68124051967152,0.004045100009534508,1,improvement_pct=0.0000,10w20t,12,instance_012.json
ACO_Original,10,18,20,266.6537672433258,2.7243656999780796,450,,10w20t,12,instance_012.json
ACO_Modified,10,18,20,186.68124051967152,2.7263540999847464,439,improvement_pct=0.0000,10w20t,12,instance_012.json
MMR_Original,10,21,20,140.53093833640142,0.001408600015565753,21,,10w20t,13,instance_013.json
MMR_Modified,10,21,20,140.53093833640142,0.02535050001461059,1,improvement_pct=0.0000,10w20t,13,instance_013.json
ACO_Original,10,21,20,248.20029002451867,2.8419176999595948,58,,10w20t,13,instance_013.json
ACO_Modified,10,21,20,140.53093833640142,2.8696818000171334,59,improvement_pct=0.0000,10w20t,13,instance_013.json
MMR_Original,10,17,20,229.8695112747201,0.0007285999599844217,17,,10w20t,14,instance_014.json
MMR_Modified,10,17,20,229.8695112747201,0.01435059995856136,1,improvement_pct=0.0000,10w20t,14,instance_014.json
ACO_Original,10,17,20,273.3349086745833,2.6936927000060678,70,,10w20t,14,instance_014.json
ACO_Modified,10,17,20,229.8695112747201,2.6871868000016548,71,improvement_pct=0.0000,10w20t,14,instance_014.json
MMR_Original,10,27,20,63.16917107436092,0.0016733999946154654,27,,10w20t,15,instance_015.json
MMR_Modified,10,27,20,63.16917107436092,0.030649300024379045,1,improvement_pct=0.0000,10w20t,15,instance_015.json
ACO_Original,10,27,20,140.7230533067569,3.0877833000267856,39,,10w20t,15,instance_015.json
ACO_Modified,10,27,20,63.16917107436092,3.144899200007785,101,improvement_pct=0.0000,10w20t,15,instance_015.json
MMR_Original,10,19,20,129.30073617302435,0.0008698999881744385,19,,10w20t,16,instance_016.json
MMR_Modified,10,19,20,128.0591784276706,0.03620410000439733,2,improvement_pct=0.9602,10w20t,16,instance_016.json
ACO_Original,10,19,20,174.45495595576332,2.800151100032963,70,,10w20t,16,instance_016.json
ACO_Modified,10,19,20,129.30073617302435,2.763649800035637,64,improvement_pct=0.0000,10w20t,16,instance_016.json
MMR_Original,10,19,20,113.88333441364998,0.0008486000006087124,19,,10w20t,17,instance_017.json
MMR_Modified,10,19,20,113.88333441364998,0.016373799997381866,1,improvement_pct=0.0000,10w20t,17,instance_017.json
ACO_Original,10,19,20,198.15126933806047,2.7608681000419892,61,,10w20t,17,instance_017.json
ACO_Modified,10,19,20,113.88333441364998,2.7736579999909736,75,improvement_pct=0.0000,10w20t,17,instance_017.json
MMR_Original,10,23,20,150.14008881843247,0.0012185000232420862,23,,10w20t,18,instance_018.json
MMR_Modified,10,23,20,147.0075790075522,0.045829599956050515,2,improvement_pct=2.0864,10w20t,18,instance_018.json
ACO_Original,10,23,20,180.8484101273038,2.9241372999968007,251,,10w20t,18,instance_018.json
ACO_Modified,10,23,20,150.14008881843247,2.926778999972157,334,improvement_pct=0.0000,10w20t,18,instance_018.json
MMR_Original,10,20,20,111.24057258685978,0.0005836000200361013,20,,10w20t,19,instance_019.json
MMR_Modified,10,20,20,111.24057258685978,0.009757100022397935,1,improvement_pct=0.0000,10w20t,19,instance_019.json
ACO_Original,10,20,20,159.48122626496541,2.8025076999911107,425,,10w20t,19,instance_019.json
ACO_Modified,10,20,20,111.24057258685978,2.8021978000178933,401,improvement_pct=0.0000,10w20t,19,instance_019.json
MMR_Original,10,21,20,164.883629489025,0.00030700000934302807,21,,10w20t,20,instance_020.json
MMR_Modified,10,21,20,164.883629489025,0.0057336000027135015,1,improvement_pct=0.0000,10w20t,20,instance_020.json
ACO_Original,10,21,20,240.05996000614923,2.8446030999766663,395,,10w20t,20,instance_020.json
ACO_Modified,10,21,20,164.883629489025,2.8466862000059336,366,improvement_pct=0.0000,10w20t,20,instance_020.json
MMR_Original,20,40,50,401.83103113866093,0.0025180999655276537,40,,20w50t,1,instance_001.json
MMR_Modified,20,40,50,401.83103113866093,0.053498600027523935,1,improvement_pct=0.0000,20w50t,1,instance_001.json
ACO_Original,20,40,50,753.891391771618,6.0238401999813505,182,,20w50t,1,instance_001.json
ACO_Modified,20,40,50,401.83103113866093,6.010492699977476,170,improvement_pct=0.0000,20w50t,1,instance_001.json
MMR_Original,20,43,50,243.55392233661368,0.0028245000285096467,43,,20w50t,2,instance_002.json
MMR_Modified,20,43,50,243.55392233661368,0.0485564999980852,1,improvement_pct=0.0000,20w50t,2,instance_002.json
ACO_Original,20,43,50,608.2829911822658,6.3040611000033095,178,,20w50t,2,instance_002.json
ACO_Modified,20,43,50,243.55392233661368,6.336627200013027,169,improvement_pct=0.0000,20w50t,2,instance_002.json
MMR_Original,20,41,50,280.99457409051627,0.004700099991168827,41,,20w50t,3,instance_003.json
MMR_Modified,20,41,50,280.99457409051627,0.05253430001903325,1,improvement_pct=0.0000,20w50t,3,instance_003.json
ACO_Original,20,41,50,675.3008705624108,6.113256599986926,185,,20w50t,3,instance_003.json
ACO_Modified,20,41,50,280.99457409051627,6.104187699966133,170,improvement_pct=0.0000,20w50t,3,instance_003.json
MMR_Original,20,35,50,510.1492022414571,0.0027212999993935227,35,,20w50t,4,instance_004.json
MMR_Modified,20,35,50,510.1492022414571,0.03496550000272691,1,improvement_pct=0.0000,20w50t,4,instance_004.json
ACO_Original,20,35,50,721.3321742558655,5.5151756999548525,177,,20w50t,4,instance_004.json
ACO_Modified,20,35,50,510.1492022414571,5.719461000000592,165,improvement_pct=0.0000,20w50t,4,instance_004.json
MMR_Original,20,44,50,173.50223640067205,0.01139790000161156,44,,20w50t,5,instance_005.json
MMR_Modified,20,44,50,173.50223640067205,0.19953050004551187,1,improvement_pct=0.0000,20w50t,5,instance_005.json
ACO_Original,20,44,50,805.7116917744024,6.626910999999382,23,,20w50t,5,instance_005.json
ACO_Modified,20,44,50,173.50223640067205,6.626379999972414,23,improvement_pct=0.0000,20w50t,5,instance_005.json
MMR_Original,20,40,50,420.44976380399856,0.010460900026373565,40,,20w50t,6,instance_006.json
MMR_Modified,20,40,50,420.44976380399856,0.17480139998951927,1,improvement_pct=0.0000,20w50t,6,instance_006.json
ACO_Original,20,40,50,1048.0137407135285,6.083790600008797,23,,20w50t,6,instance_006.json
ACO_Modified,20,40,50,420.44976380399856,6.042794200009666,25,improvement_pct=0.0000,20w50t,6,instance_006.json
MMR_Original,20,44,50,263.8033956330536,0.004777900001499802,44,,20w50t,7,instance_007.json
MMR_Modified,20,44,50,263.8033956330536,0.08680479996837676,1,improvement_pct=0.0000,20w50t,7,instance_007.json
ACO_Original,20,44,50,598.4474566131009,6.566503899986856,151,,20w50t,7,instance_007.json
ACO_Modified,20,44,50,263.8033956330536,6.634329300024547,22,improvement_pct=0.0000,20w50t,7,instance_007.json
MMR_Original,20,36,50,403.9315952918694,0.006615000020246953,36,,20w50t,8,instance_008.json
MMR_Modified,20,36,50,403.9315952918694,0.16257489996496588,1,improvement_pct=0.0000,20w50t,8,instance_008.json
ACO_Original,20,36,50,1018.4793156681748,5.639616500004195,29,,20w50t,8,instance_008.json
ACO_Modified,20,36,50,403.9315952918694,5.6060110999969766,119,improvement_pct=0.0000,20w50t,8,instance_008.json
MMR_Original,20,40,50,308.5134591831486,0.0060588999767787755,40,,20w50t,9,instance_009.json
MMR_Modified,20,40,50,308.5134591831486,0.051114600035361946,1,improvement_pct=0.0000,20w50t,9,instance_009.json
ACO_Original,20,40,50,566.8140237401304,6.189861699996982,106,,20w50t,9,instance_009.json
ACO_Modified,20,40,50,308.5134591831486,6.082446400017943,21,improvement_pct=0.0000,20w50t,9,instance_009.json
MMR_Original,20,37,50,338.88855946421893,0.002898200007621199,37,,20w50t,10,instance_010.json
MMR_Modified,20,37,50,338.88855946421893,0.05887249996885657,1,improvement_pct=0.0000,20w50t,10,instance_010.json
ACO_Original,20,37,50,667.7271101538074,5.700279200042132,71,,20w50t,10,instance_010.json
ACO_Modified,20,37,50,338.88855946421893,5.725974100001622,166,improvement_pct=0.0000,20w50t,10,instance_010.json
MMR_Original,20,39,50,393.6409001367126,0.0025693000061437488,39,,20w50t,11,instance_011.json
MMR_Modified,20,39,50,393.6409001367126,0.048427000001538545,1,improvement_pct=0.0000,20w50t,11,instance_011.json
ACO_Original,20,39,50,612.8541748646032,5.919699899968691,183,,20w50t,11,instance_011.json
ACO_Modified,20,39,50,393.6409001367126,6.048975999990944,62,improvement_pct=0.0000,20w50t,11,instance_011.json
MMR_Original,20,40,50,390.94119909015694,0.009839599952101707,40,,20w50t,12,instance_012.json
MMR_Modified,20,40,50,390.94119909015694,0.217985299997963,1,improvement_pct=0.0000,20w50t,12,instance_012.json
ACO_Original,20,40,50,805.59396949679,6.000129799998831,60,,20w50t,12,instance_012.json
ACO_Modified,20,40,50,390.94119909015694,6.025934699981008,160,improvement_pct=0.0000,20w50t,12,instance_012.json
MMR_Original,20,40,50,266.2752776692963,0.002901999978348613,40,,20w50t,13,instance_013.json
MMR_Modified,20,40,50,266.2752776692963,0.04564860003301874,1,improvement_pct=0.0000,20w50t,13,instance_013.json
ACO_Original,20,40,50,662.5083087135453,6.0430838000029325,126,,20w50t,13,instance_013.json
ACO_Modified,20,40,50,266.2752776692963,6.015970600012224,101,improvement_pct=0.0000,20w50t,13,instance_013.json
MMR_Original,20,36,50,400.3864520416678,0.004659699974581599,36,,20w50t,14,instance_014.json
MMR_Modified,20,36,50,400.3864520416678,0.07448699994711205,1,improvement_pct=0.0000,20w50t,14,instance_014.json
ACO_Original,20,36,50,894.3384358699797,5.752748300030362,60,,20w50t,14,instance_014.json
ACO_Modified,20,36,50,400.3864520416678,5.633252700034063,18,improvement_pct=0.0000,20w50t,14,instance_014.json
MMR_Original,20,34,50,478.4595003421203,0.010516999987885356,34,,20w50t,15,instance_015.json
MMR_Modified,20,34,50,478.4595003421203,0.15276389999780804,1,improvement_pct=0.0000,20w50t,15,instance_015.json
ACO_Original,20,34,50,1019.6522311775028,5.422767999989446,22,,20w50t,15,instance_015.json
ACO_Modified,20,34,50,478.4595003421203,5.4027301000314765,23,improvement_pct=0.0000,20w50t,15,instance_015.json
MMR_Original,20,39,50,350.4089253670985,0.008255799999460578,39,,20w50t,16,instance_016.json
MMR_Modified,20,39,50,350.4089253670985,0.17759570002090186,1,improvement_pct=0.0000,20w50t,16,instance_016.json
ACO_Original,20,39,50,957.8101223994506,6.1171789999934845,23,,20w50t,16,instance_016.json
ACO_Modified,20,39,50,350.4089253670985,6.0251612000283785,21,improvement_pct=0.0000,20w50t,16,instance_016.json
MMR_Original,20,38,50,374.9894417757751,0.009429599973373115,38,,20w50t,17,instance_017.json
MMR_Modified,20,38,50,374.9894417757751,0.18223200005013496,1,improvement_pct=0.0000,20w50t,17,instance_017.json
ACO_Original,20,38,50,889.2643520393427,6.105768200010061,22,,20w50t,17,instance_017.json
ACO_Modified,20,38,50,374.9894417757751,5.82317950000288,79,improvement_pct=0.0000,20w50t,17,instance_017.json
MMR_Original,20,42,50,268.01165296001875,0.003324099991004914,42,,20w50t,18,instance_018.json
MMR_Modified,20,42,50,268.01165296001875,0.05826409999281168,1,improvement_pct=0.0000,20w50t,18,instance_018.json
ACO_Original,20,42,50,545.6248816792163,6.21091800002614,172,,20w50t,18,instance_018.json
ACO_Modified,20,42,50,268.01165296001875,6.224217600014526,170,improvement_pct=0.0000,20w50t,18,instance_018.json
MMR_Original,20,41,50,292.75631020924317,0.0034798000124283135,41,,20w50t,19,instance_019.json
MMR_Modified,20,41,50,292.75631020924317,0.04592250002315268,1,improvement_pct=0.0000,20w50t,19,instance_019.json
ACO_Original,20,41,50,703.744017419832,6.37949010002194,140,,20w50t,19,instance_019.json
ACO_Modified,20,41,50,292.75631020924317,6.232314700027928,22,improvement_pct=0.0000,20w50t,19,instance_019.json
MMR_Original,20,40,50,458.58994827352495,0.01361299998825416,40,,20w50t,20,instance_020.json
MMR_Modified,20,40,50,458.58994827352495,0.20754589996067807,1,improvement_pct=0.0000,20w50t,20,instance_020.json
ACO_Original,20,40,50,1042.888335517755,6.2254604999907315,22,,20w50t,20,instance_020.json
ACO_Modified,20,40,50,458.58994827352495,6.0520267999963835,27,improvement_pct=0.0000,20w50t,20,instance_020.json
MMR_Original,10,20,5,0.10264783705592763,0.0003189999843016267,20,,10w5t,1,instance_001.json
MMR_Modified,10,20,5,0.10264783705592763,0.004399699973873794,1,improvement_pct=0.0000,10w5t,1,instance_001.json
ACO_Original,10,20,5,1.041310799612475,2.233667799970135,49,,10w5t,1,instance_001.json
ACO_Modified,10,20,5,0.10264783705592763,2.205283999966923,132,improvement_pct=0.0000,10w5t,1,instance_001.json
MMR_Original,10,21,5,0.056764210491227034,0.00010360003216192126,21,,10w5t,2,instance_002.json
MMR_Modified,10,21,5,0.05263290534894018,0.004294899990782142,3,improvement_pct=7.2780,10w5t,2,instance_002.json
ACO_Original,10,21,5,0.8670528270016757,2.225397099973634,301,,10w5t,2,instance_002.json
ACO_Modified,10,21,5,0.056764210491227034,2.217067699995823,285,improvement_pct=0.0000,10w5t,2,instance_002.json
MMR_Original,10,18,5,4.349701711783122,8.239998714998364e-05,18,,10w5t,3,instance_003.json
MMR_Modified,10,18,5,4.349701711783122,0.0008233000407926738,1,improvement_pct=0.0000,10w5t,3,instance_003.json
ACO_Original,10,18,5,5.144605065442087,2.181958900007885,384,,10w5t,3,instance_003.json
ACO_Modified,10,18,5,4.349701711783122,2.1833305999753065,399,improvement_pct=0.0000,10w5t,3,instance_003.json
MMR_Original,10,18,5,0.14618877383141515,8.130003698170185e-05,18,,10w5t,4,instance_004.json
MMR_Modified,10,18,5,0.14618877383141515,0.0011656999704428017,1,improvement_pct=0.0000,10w5t,4,instance_004.json
ACO_Original,10,18,5,1.7315173862396809,2.199006700015161,258,,10w5t,4,instance_004.json
ACO_Modified,10,18,5,0.14618877383141515,2.1852980999974534,51,improvement_pct=0.0000,10w5t,4,instance_004.json
MMR_Original,10,20,5,0.6105666027179293,0.00033599999733269215,20,,10w5t,5,instance_005.json
MMR_Modified,10,20,5,0.5206524206503325,0.013206000032369047,2,improvement_pct=14.7264,10w5t,5,instance_005.json
ACO_Original,10,20,5,21.88936355210797,2.222700599988457,245,,10w5t,5,instance_005.json
ACO_Modified,10,20,5,0.6105666027179293,2.2110567999770865,112,improvement_pct=0.0000,10w5t,5,instance_005.json
MMR_Original,10,18,5,0.4302904802675633,0.0002658999874256551,18,,10w5t,6,instance_006.json
MMR_Modified,10,18,5,0.4302904802675633,0.0036015999503433704,1,improvement_pct=0.0000,10w5t,6,instance_006.json
ACO_Original,10,18,5,0.6574920519537026,2.2002326999790967,50,,10w5t,6,instance_006.json
ACO_Modified,10,18,5,0.4302904802675633,2.1886723999632522,50,improvement_pct=0.0000,10w5t,6,instance_006.json
MMR_Original,10,22,5,0.4540209555351623,0.000361100013833493,22,,10w5t,7,instance_007.json
MMR_Modified,10,22,5,0.4540209555351623,0.004433099995367229,1,improvement_pct=0.0000,10w5t,7,instance_007.json
ACO_Original,10,22,5,0.8315683774751748,2.2411985999788158,37,,10w5t,7,instance_007.json
ACO_Modified,10,22,5,0.3800006759500438,2.271960099984426,38,improvement_pct=16.3033,10w5t,7,instance_007.json
MMR_Original,10,24,5,0.0010026212329413919,0.00048210000386461616,24,,10w5t,8,instance_008.json
MMR_Modified,10,24,5,0.0010026212329413919,0.005925800011027604,1,improvement_pct=0.0000,10w5t,8,instance_008.json
ACO_Original,10,24,5,1.2163640928500346,2.2589637000346556,31,,10w5t,8,instance_008.json
ACO_Modified,10,24,5,0.0010026212329413919,2.284007999987807,32,improvement_pct=0.0000,10w5t,8,instance_008.json
MMR_Original,10,17,5,1.572828505015138,0.00024530000519007444,17,,10w5t,9,instance_009.json
MMR_Modified,10,17,5,1.458791260920541,0.0053118999931029975,2,improvement_pct=7.2505,10w5t,9,instance_009.json
ACO_Original,10,17,5,12.477303929640096,2.1862861999543384,54,,10w5t,9,instance_009.json
ACO_Modified,10,17,5,1.572828505015138,2.2006328000570647,52,improvement_pct=0.0000,10w5t,9,instance_009.json
MMR_Original,10,13,5,5.321722746148337,0.00014670001110062003,13,,10w5t,10,instance_010.json
MMR_Modified,10,13,5,5.321722746148337,0.002132800000254065,1,improvement_pct=0.0000,10w5t,10,instance_010.json
ACO_Original,10,13,5,6.084662853271207,2.1335312000010163,93,,10w5t,10,instance_010.json
ACO_Modified,10,13,5,5.321722746148337,2.135275000007823,144,improvement_pct=0.0000,10w5t,10,instance_010.json
MMR_Original,10,19,5,5.416421184084027,0.0005305999657139182,19,,10w5t,11,instance_011.json
MMR_Modified,10,19,5,5.01550006913898,0.009346699982415885,3,improvement_pct=7.4020,10w5t,11,instance_011.json
ACO_Original,10,19,5,5.086952418784753,2.1923389000003226,282,,10w5t,11,instance_011.json
ACO_Modified,10,19,5,5.416421184084027,2.1929339000489563,377,improvement_pct=0.0000,10w5t,11,instance_011.json
MMR_Original,10,20,5,0.11578451472323384,0.00014019996160641313,20,,10w5t,12,instance_012.json
MMR_Modified,10,20,5,0.11578451472323384,0.0009696999914012849,1,improvement_pct=0.0000,10w5t,12,instance_012.json
ACO_Original,10,20,5,0.48067980091549395,2.2030808000126854,346,,10w5t,12,instance_012.json
ACO_Modified,10,20,5,0.0805393243761098,2.203520599985495,346,improvement_pct=30.4403,10w5t,12,instance_012.json
MMR_Original,10,17,5,0.6956656535373517,8.560001151636243e-05,17,,10w5t,13,instance_013.json
MMR_Modified,10,17,5,0.6956656535373517,0.0009969000238925219,1,improvement_pct=0.0000,10w5t,13,instance_013.json
ACO_Original,10,17,5,1.362656718828081,2.173515300033614,474,,10w5t,13,instance_013.json
ACO_Modified,10,17,5,0.6956656535373517,2.172894599963911,463,improvement_pct=0.0000,10w5t,13,instance_013.json
MMR_Original,10,17,5,1.1853946167946963,7.349997758865356e-05,17,,10w5t,14,instance_014.json
MMR_Modified,10,17,5,1.1853946167946963,0.0007336999988183379,1,improvement_pct=0.0000,10w5t,14,instance_014.json
ACO_Original,10,17,5,1.1568263821120603,2.170690300001297,454,,10w5t,14,instance_014.json
ACO_Modified,10,17,5,1.1853946167946963,2.1730257000308484,461,improvement_pct=0.0000,10w5t,14,instance_014.json
MMR_Original,10,26,5,0.3793431764063914,0.00014990003546699882,26,,10w5t,15,instance_015.json
MMR_Modified,10,26,5,0.3771015776220448,0.0025637999642640352,2,improvement_pct=0.5909,10w5t,15,instance_015.json
ACO_Original,10,26,5,4.320041337810354,2.2602335999836214,217,,10w5t,15,instance_015.json
ACO_Modified,10,26,5,0.3793431764063914,2.2654572999454103,216,improvement_pct=0.0000,10w5t,15,instance_015.json
MMR_Original,10,22,5,1.0685266605991304,0.00011600001016631722,22,,10w5t,16,instance_016.json
MMR_Modified,10,22,5,0.7113021391015697,0.0018969000084325671,2,improvement_pct=33.4315,10w5t,16,instance_016.json
ACO_Original,10,22,5,1.347456815184851,2.2207243000157177,292,,10w5t,16,instance_016.json
ACO_Modified,10,22,5,1.0685266605991304,2.2237029999960214,283,improvement_pct=0.0000,10w5t,16,instance_016.json
MMR_Original,10,22,5,0.03491291386956579,0.00011090002954006195,22,,10w5t,17,instance_017.json
MMR_Modified,10,22,5,0.02106553242304546,0.001934999949298799,2,improvement_pct=39.6626,10w5t,17,instance_017.json
ACO_Original,10,22,5,5.059893734853591,2.225493000005372,293,,10w5t,17,instance_017.json
ACO_Modified,10,22,5,0.03412047113658175,2.2253747000359,290,improvement_pct=2.2698,10w5t,17,instance_017.json
MMR_Original,10,21,5,0.32486507766903044,0.00010340003063902259,21,,10w5t,18,instance_018.json
MMR_Modified,10,21,5,0.2751587476486169,0.0017692000255919993,2,improvement_pct=15.3006,10w5t,18,instance_018.json
ACO_Original,10,21,5,0.6116274272251037,2.214107599982526,309,,10w5t,18,instance_018.json
ACO_Modified,10,21,5,0.29880623754793306,2.2134545000153594,313,improvement_pct=8.0214,10w5t,18,instance_018.json
MMR_Original,10,22,5,0.36120958335699727,0.00011929997708648443,22,,10w5t,19,instance_019.json
MMR_Modified,10,22,5,0.36120958335699727,0.0010874000145122409,1,improvement_pct=0.0000,10w5t,19,instance_019.json
ACO_Original,10,22,5,0.930601607873292,2.226556100009475,239,,10w5t,19,instance_019.json
ACO_Modified,10,22,5,0.36120958335699727,2.221716500003822,250,improvement_pct=0.0000,10w5t,19,instance_019.json
MMR_Original,10,23,5,0.2754524689544443,0.0001233000075444579,23,,10w5t,20,instance_020.json
MMR_Modified,10,23,5,0.22621634470376423,0.00711470004171133,4,improvement_pct=17.8746,10w5t,20,instance_020.json
ACO_Original,10,23,5,3.657631820482506,2.2354926000116393,237,,10w5t,20,instance_020.json
ACO_Modified,10,23,5,0.2754524689544443,2.23377230000915,232,improvement_pct=0.0000,10w5t,20,instance_020.json
MMR_Original,20,46,10,0.03308748725430732,0.0008479999960400164,46,,20w10t,1,instance_001.json
MMR_Modified,20,46,10,0.029773643682772757,0.01849180000135675,2,improvement_pct=10.0154,20w10t,1,instance_001.json
ACO_Original,20,46,10,1.5000964666116527,2.9438912000041455,86,,20w10t,1,instance_001.json
ACO_Modified,20,46,10,0.03308748725430732,2.950344300013967,83,improvement_pct=0.0000,20w10t,1,instance_001.json
MMR_Original,20,40,10,0.10515205302595443,0.0005909999599680305,40,,20w10t,2,instance_002.json
MMR_Modified,20,40,10,0.10105498874422145,0.013282099971547723,2,improvement_pct=3.8963,20w10t,2,instance_002.json
ACO_Original,20,40,10,24.44354989685956,2.827926199999638,96,,20w10t,2,instance_002.json
ACO_Modified,20,40,10,0.10515205302595443,2.8042255000327714,96,improvement_pct=0.0000,20w10t,2,instance_002.json
MMR_Original,20,44,10,0.03175030931030145,0.0009399999980814755,44,,20w10t,3,instance_003.json
MMR_Modified,20,44,10,0.02907978711524144,0.01931419997708872,2,improvement_pct=8.4110,20w10t,3,instance_003.json
ACO_Original,20,44,10,16.479028242713785,2.9016849000472575,91,,20w10t,3,instance_003.json
ACO_Modified,20,44,10,0.03175030931030145,2.8854234000318684,83,improvement_pct=0.0000,20w10t,3,instance_003.json
MMR_Original,20,37,10,0.4069569342938015,0.0005478000384755433,37,,20w10t,4,instance_004.json
MMR_Modified,20,37,10,0.4069569342938015,0.007585700019262731,1,improvement_pct=0.0000,20w10t,4,instance_004.json
ACO_Original,20,37,10,9.31290242556604,2.754911500029266,95,,20w10t,4,instance_004.json
ACO_Modified,20,37,10,0.4069569342938015,2.752824299968779,110,improvement_pct=0.0000,20w10t,4,instance_004.json
MMR_Original,20,42,10,0.023273026615588163,0.0006566000520251691,42,,20w10t,5,instance_005.json
MMR_Modified,20,42,10,0.02324872870817596,0.014914300001692027,2,improvement_pct=0.1044,20w10t,5,instance_005.json
ACO_Original,20,42,10,6.256048294433097,2.8731034999946132,99,,20w10t,5,instance_005.json
ACO_Modified,20,42,10,0.023273026615588163,2.8415900000254624,94,improvement_pct=0.0000,20w10t,5,instance_005.json
MMR_Original,20,39,10,0.24581861012350473,0.0008972000214271247,39,,20w10t,6,instance_006.json
MMR_Modified,20,39,10,0.1980392213408572,0.011935300019104034,2,improvement_pct=19.4368,20w10t,6,instance_006.json
ACO_Original,20,39,10,5.72261553059596,2.803148000035435,117,,20w10t,6,instance_006.json
ACO_Modified,20,39,10,0.24581861012350473,2.7974201000179164,99,improvement_pct=0.0000,20w10t,6,instance_006.json
MMR_Original,20,41,10,0.39177740528581617,0.0009819000260904431,41,,20w10t,7,instance_007.json
MMR_Modified,20,41,10,0.36040627569439837,0.02554880001116544,3,improvement_pct=8.0074,20w10t,7,instance_007.json
ACO_Original,20,41,10,10.247855286129832,2.8211352999787778,101,,20w10t,7,instance_007.json
ACO_Modified,20,41,10,0.39177740528581617,2.83365349995438,102,improvement_pct=0.0000,20w10t,7,instance_007.json
MMR_Original,20,43,10,0.00608414237372473,0.0007092999876476824,43,,20w10t,8,instance_008.json
MMR_Modified,20,43,10,0.00608414237372473,0.007321799988858402,1,improvement_pct=0.0000,20w10t,8,instance_008.json
ACO_Original,20,43,10,4.027078744624892,2.866960499959532,98,,20w10t,8,instance_008.json
ACO_Modified,20,43,10,0.00608414237372473,2.879783899988979,101,improvement_pct=0.0000,20w10t,8,instance_008.json
MMR_Original,20,38,10,0.12305640940635007,0.0006500000017695129,38,,20w10t,9,instance_009.json
MMR_Modified,20,38,10,0.12305640940635007,0.006415799958631396,1,improvement_pct=0.0000,20w10t,9,instance_009.json
ACO_Original,20,38,10,9.624119684570008,2.7787324999808334,112,,20w10t,9,instance_009.json
ACO_Modified,20,38,10,0.12305640940635007,2.770325099991169,123,improvement_pct=0.0000,20w10t,9,instance_009.json
MMR_Original,20,32,10,0.2284356380323241,0.0005964000010862947,32,,20w10t,10,instance_010.json
MMR_Modified,20,32,10,0.20406559500462018,0.009172799997031689,2,improvement_pct=10.6682,20w10t,10,instance_010.json
ACO_Original,20,32,10,3.3210657593010784,2.654065000009723,168,,20w10t,10,instance_010.json
ACO_Modified,20,32,10,0.2284356380323241,2.660155199992005,170,improvement_pct=0.0000,20w10t,10,instance_010.json
MMR_Original,20,42,10,0.03062953114007359,0.0012233000015839934,42,,20w10t,11,instance_011.json
MMR_Modified,20,42,10,0.03062953114007359,0.008021000016015023,1,improvement_pct=0.0000,20w10t,11,instance_011.json
ACO_Original,20,42,10,10.391861091235558,2.8444049999816343,105,,20w10t,11,instance_011.json
ACO_Modified,20,42,10,0.03062953114007359,2.857156699988991,107,improvement_pct=0.0000,20w10t,11,instance_011.json
MMR_Original,20,37,10,0.20498321554244253,0.000783999974373728,37,,20w10t,12,instance_012.json
MMR_Modified,20,37,10,0.20087530849374163,0.010970000002998859,2,improvement_pct=2.0040,20w10t,12,instance_012.json
ACO_Original,20,37,10,14.254400111247659,2.750138800009154,131,,20w10t,12,instance_012.json
ACO_Modified,20,37,10,0.20498321554244253,2.742915400012862,128,improvement_pct=0.0000,20w10t,12,instance_012.json
MMR_Original,20,43,10,0.07902509847636435,0.0007900000200606883,43,,20w10t,13,instance_013.json
MMR_Modified,20,43,10,0.06586274281151225,0.0210180000285618,3,improvement_pct=16.6559,20w10t,13,instance_013.json
ACO_Original,20,43,10,4.074155744135037,2.8618342999834567,102,,20w10t,13,instance_013.json
ACO_Modified,20,43,10,0.07902509847636435,2.8915668000117876,99,improvement_pct=0.0000,20w10t,13,instance_013.json
MMR_Original,20,42,10,0.18257465894870997,0.0008172999951057136,42,,20w10t,14,instance_014.json
MMR_Modified,20,42,10,0.18257465894870997,0.007332200009841472,1,improvement_pct=0.0000,20w10t,14,instance_014.json
ACO_Original,20,42,10,10.482053799018807,2.8515399000025354,105,,20w10t,14,instance_014.json
ACO_Modified,20,42,10,0.18257465894870997,2.870014699990861,103,improvement_pct=0.0000,20w10t,14,instance_014.json
MMR_Original,20,36,10,0.5761022389266479,0.0004658999969251454,36,,20w10t,15,instance_015.json
MMR_Modified,20,36,10,0.5761022389266479,0.005377100023906678,1,improvement_pct=0.0000,20w10t,15,instance_015.json
ACO_Original,20,36,10,12.157265405141391,2.7280597999924794,134,,20w10t,15,instance_015.json
ACO_Modified,20,36,10,0.5761022389266479,2.739017700019758,135,improvement_pct=0.0000,20w10t,15,instance_015.json
MMR_Original,20,40,10,0.14792664934247624,0.0005710000405088067,40,,20w10t,16,instance_016.json
MMR_Modified,20,40,10,0.13285229711091778,0.017864499997813255,2,improvement_pct=10.1904,20w10t,16,instance_016.json
ACO_Original,20,40,10,13.632951334764309,2.8145982999703847,115,,20w10t,16,instance_016.json
ACO_Modified,20,40,10,0.14792664934247624,2.809873200021684,114,improvement_pct=0.0000,20w10t,16,instance_016.json
MMR_Original,20,33,10,0.22984367133415876,0.00039739999920129776,33,,20w10t,17,instance_017.json
MMR_Modified,20,33,10,0.22984367133415876,0.005261400016024709,1,improvement_pct=0.0000,20w10t,17,instance_017.json
ACO_Original,20,33,10,12.386251914334075,2.663023000000976,156,,20w10t,17,instance_017.json
ACO_Modified,20,33,10,0.22984367133415876,2.6647254999843426,158,improvement_pct=0.0000,20w10t,17,instance_017.json
MMR_Original,20,40,10,0.092365448770963,0.0006008999771438539,40,,20w10t,18,instance_018.json
MMR_Modified,20,40,10,0.092365448770963,0.008385699999053031,1,improvement_pct=0.0000,20w10t,18,instance_018.json
ACO_Original,20,40,10,0.7568088919736613,2.8214321000268683,105,,20w10t,18,instance_018.json
ACO_Modified,20,40,10,0.092365448770963,2.8207001999835484,100,improvement_pct=0.0000,20w10t,18,instance_018.json
MMR_Original,20,38,10,0.2253725543698526,0.0006454000249505043,38,,20w10t,19,instance_019.json
MMR_Modified,20,38,10,0.2253725543698526,0.00851770001463592,1,improvement_pct=0.0000,20w10t,19,instance_019.json
ACO_Original,20,38,10,2.716035863099585,2.769924899970647,52,,20w10t,19,instance_019.json
ACO_Modified,20,38,10,0.2253725543698526,2.7805847999989055,74,improvement_pct=0.0000,20w10t,19,instance_019.json
MMR_Original,20,36,10,0.11054938613917369,0.0005721000488847494,36,,20w10t,20,instance_020.json
MMR_Modified,20,36,10,0.10798089120897368,0.013296300021465868,2,improvement_pct=2.3234,20w10t,20,instance_020.json
ACO_Original,20,36,10,4.6844353222614465,2.721598499978427,84,,20w10t,20,instance_020.json
ACO_Modified,20,36,10,0.11054938613917369,2.7373568000039086,36,improvement_pct=0.0000,20w10t,20,instance_020.json
MMR_Original,50,97,20,0.0017044413956782921,0.019827799987979233,97,,50w20t,1,instance_001.json
MMR_Modified,50,97,20,0.0016378530817470643,0.5292522999807261,2,improvement_pct=3.9068,50w20t,1,instance_001.json
ACO_Original,50,97,20,34.281521334956075,6.074936099990737,6,,50w20t,1,instance_001.json
ACO_Modified,50,97,20,0.0017044413956782921,6.187625900027342,6,improvement_pct=0.0000,50w20t,1,instance_001.json
MMR_Original,50,88,20,0.004811687759966626,0.017209500016178936,88,,50w20t,2,instance_002.json
MMR_Modified,50,88,20,0.004811687759966626,0.21024399995803833,1,improvement_pct=0.0000,50w20t,2,instance_002.json
ACO_Original,50,88,20,32.445522790686645,5.774115000036545,7,,50w20t,2,instance_002.json
ACO_Modified,50,88,20,0.004811687759966626,5.834782499994617,7,improvement_pct=0.0000,50w20t,2,instance_002.json
MMR_Original,50,103,20,0.0014333246030505558,0.022932599997147918,103,,50w20t,3,instance_003.json
MMR_Modified,50,103,20,0.0013230475393058376,0.5339898000238463,2,improvement_pct=7.6938,50w20t,3,instance_003.json
ACO_Original,50,103,20,35.97399766304269,6.755828499968629,6,,50w20t,3,instance_003.json
ACO_Modified,50,103,20,0.0014333246030505558,6.738435600011144,6,improvement_pct=0.0000,50w20t,3,instance_003.json
MMR_Original,50,107,20,0.0004656287121453443,0.024444599985145032,107,,50w20t,4,instance_004.json
MMR_Modified,50,107,20,0.00045639757970673264,0.7975154000450857,3,improvement_pct=1.9825,50w20t,4,instance_004.json
ACO_Original,50,107,20,16.302106768509244,7.028429900004994,6,,50w20t,4,instance_004.json
ACO_Modified,50,107,20,0.0004656287121453443,6.9288459999952465,5,improvement_pct=0.0000,50w20t,4,instance_004.json
MMR_Original,50,104,20,0.0010763813690907779,0.0253738000174053,104,,50w20t,5,instance_005.json
MMR_Modified,50,104,20,0.0010763813690907779,0.31495229998836294,1,improvement_pct=0.0000,50w20t,5,instance_005.json
ACO_Original,50,104,20,22.04233832011958,6.232635999971535,5,,50w20t,5,instance_005.json
ACO_Modified,50,104,20,0.0010763813690907779,6.5196767000015825,5,improvement_pct=0.0000,50w20t,5,instance_005.json
MMR_Original,50,108,20,0.0003997620296340648,0.02857559995027259,108,,50w20t,6,instance_006.json
MMR_Modified,50,108,20,0.0003997620296340648,0.3339869999908842,1,improvement_pct=0.0000,50w20t,6,instance_006.json
ACO_Original,50,108,20,34.060360011852225,6.675516499963123,5,,50w20t,6,instance_006.json
ACO_Modified,50,108,20,0.0003997620296340648,7.259253799973521,5,improvement_pct=0.0000,50w20t,6,instance_006.json
MMR_Original,50,104,20,0.0003967051981788042,0.026638599985744804,104,,50w20t,7,instance_007.json
MMR_Modified,50,104,20,0.0003967051981788042,0.31728179997298867,1,improvement_pct=0.0000,50w20t,7,instance_007.json
ACO_Original,50,104,20,45.180096848600186,6.286807600001339,5,,50w20t,7,instance_007.json
ACO_Modified,50,104,20,0.0003967051981788042,6.494813599972986,5,improvement_pct=0.0000,50w20t,7,instance_007.json
MMR_Original,50,96,20,0.0007259001726815767,0.020951100043021142,96,,50w20t,8,instance_008.json
MMR_Modified,50,96,20,0.0007259001726815767,0.2749508999986574,1,improvement_pct=0.0000,50w20t,8,instance_008.json
ACO_Original,50,96,20,43.12976907274011,6.51392160000978,6,,50w20t,8,instance_008.json
ACO_Modified,50,96,20,0.0007259001726815767,5.911768799996935,39,improvement_pct=0.0000,50w20t,8,instance_008.json
MMR_Original,50,98,20,0.0009051108455959142,0.009001599973998964,98,,50w20t,9,instance_009.json
MMR_Modified,50,98,20,0.0009051108455959142,0.08602849999442697,1,improvement_pct=0.0000,50w20t,9,instance_009.json
ACO_Original,50,98,20,26.28423400273281,6.018887100042775,37,,50w20t,9,instance_009.json
ACO_Modified,50,98,20,0.0009051108455959142,6.060422800015658,38,improvement_pct=0.0000,50w20t,9,instance_009.json
MMR_Original,50,103,20,0.0009573739367450788,0.009734299965202808,103,,50w20t,10,instance_010.json
MMR_Modified,50,103,20,0.0009573739367450788,0.09956770000280812,1,improvement_pct=0.0000,50w20t,10,instance_010.json
ACO_Original,50,103,20,23.82234830739477,6.1346206000307575,33,,50w20t,10,instance_010.json
ACO_Modified,50,103,20,0.0009573739367450788,6.189254399971105,34,improvement_pct=0.0000,50w20t,10,instance_010.json
MMR_Original,50,93,20,0.007343270134084136,0.006531800027005374,93,,50w20t,11,instance_011.json
MMR_Modified,50,93,20,0.007343270134084136,0.0853423000080511,1,improvement_pct=0.0000,50w20t,11,instance_011.json
ACO_Original,50,93,20,31.52729100562744,5.845998900011182,39,,50w20t,11,instance_011.json
ACO_Modified,50,93,20,0.007343270134084136,5.838047900004312,42,improvement_pct=0.0000,50w20t,11,instance_011.json
MMR_Original,50,100,20,0.001169279355243742,0.0069565000012516975,100,,50w20t,12,instance_012.json
MMR_Modified,50,100,20,0.001169279355243742,0.09130160004133359,1,improvement_pct=0.0000,50w20t,12,instance_012.json
ACO_Original,50,100,20,40.537940068121365,6.056965600000694,37,,50w20t,12,instance_012.json
ACO_Modified,50,100,20,0.001169279355243742,6.0861477999715135,32,improvement_pct=0.0000,50w20t,12,instance_012.json
MMR_Original,50,99,20,0.0007150261659281923,0.012456500029657036,99,,50w20t,13,instance_013.json
MMR_Modified,50,99,20,0.0007150261659281923,0.11896339996019378,1,improvement_pct=0.0000,50w20t,13,instance_013.json
ACO_Original,50,99,20,29.531318171115363,5.980287399957888,35,,50w20t,13,instance_013.json
ACO_Modified,50,99,20,0.0007150261659281923,5.970893599966075,35,improvement_pct=0.0000,50w20t,13,instance_013.json
MMR_Original,50,113,20,0.0005539445530087797,0.008856100030243397,113,,50w20t,14,instance_014.json
MMR_Modified,50,113,20,0.0005539445530087797,0.10878640000009909,1,improvement_pct=0.0000,50w20t,14,instance_014.json
ACO_Original,50,113,20,16.48984558557735,6.729978199990001,8,,50w20t,14,instance_014.json
ACO_Modified,50,113,20,0.0005539445530087797,7.468681400001515,4,improvement_pct=0.0000,50w20t,14,instance_014.json
MMR_Original,50,105,20,0.0005135069171611074,0.034997900016605854,105,,50w20t,15,instance_015.json
MMR_Modified,50,105,20,0.0005135069171611074,0.3838520999997854,1,improvement_pct=0.0000,50w20t,15,instance_015.json
ACO_Original,50,105,20,22.942392495629026,7.2451856000116095,4,,50w20t,15,instance_015.json
ACO_Modified,50,105,20,0.0005135069171611074,6.259827699977905,4,improvement_pct=0.0000,50w20t,15,instance_015.json
MMR_Original,50,94,20,0.0018586752602840696,0.02300050004851073,94,,50w20t,16,instance_016.json
MMR_Modified,50,94,20,0.0018586752602840696,0.37273310002638027,1,improvement_pct=0.0000,50w20t,16,instance_016.json
ACO_Original,50,94,20,16.561034527875623,5.765572600008454,5,,50w20t,16,instance_016.json
ACO_Modified,50,94,20,0.0018586752602840696,5.8317495000083,20,improvement_pct=0.0000,50w20t,16,instance_016.json
MMR_Original,50,108,20,0.00011663976515821495,0.009105000004637986,108,,50w20t,17,instance_017.json
MMR_Modified,50,108,20,0.00011663976515821495,0.1097721999976784,1,improvement_pct=0.0000,50w20t,17,instance_017.json
ACO_Original,50,108,20,24.249738407425365,6.3818205000134185,34,,50w20t,17,instance_017.json
ACO_Modified,50,108,20,0.00011663976515821495,6.391959900036454,34,improvement_pct=0.0000,50w20t,17,instance_017.json
MMR_Original,50,103,20,0.00013364586299457034,0.006749699998181313,103,,50w20t,18,instance_018.json
MMR_Modified,50,103,20,0.00013364586299457034,0.0916041000164114,1,improvement_pct=0.0000,50w20t,18,instance_018.json
ACO_Original,50,103,20,37.65859931889046,6.142425300029572,37,,50w20t,18,instance_018.json
ACO_Modified,50,103,20,0.00013364586299457034,6.194376400031615,37,improvement_pct=0.0000,50w20t,18,instance_018.json
MMR_Original,50,108,20,0.00037573832721067986,0.008275200030766428,108,,50w20t,19,instance_019.json
MMR_Modified,50,108,20,0.00034932461342879184,0.18659729999490082,2,improvement_pct=7.0298,50w20t,19,instance_019.json
ACO_Original,50,108,20,31.850718159335933,7.385638799984008,10,,50w20t,19,instance_019.json
ACO_Modified,50,108,20,0.00037573832721067986,6.766192500013858,5,improvement_pct=0.0000,50w20t,19,instance_019.json
MMR_Original,50,104,20,0.0011124219603054926,0.025930500007234514,104,,50w20t,20,instance_020.json
MMR_Modified,50,104,20,0.0011124219603054926,0.312495999969542,1,improvement_pct=0.0000,50w20t,20,instance_020.json
ACO_Original,50,104,20,14.091744378812912,7.3239455000148155,6,,50w20t,20,instance_020.json
ACO_Modified,50,104,20,0.0011124219603054926,6.208376900001895,5,improvement_pct=0.0000,50w20t,20,instance_020.json
